"Turistièna potovanja v tujino po: VRSTA TURISTIÈNEGA POTOVANJA, DRŽAVA"
"POTOVANJA, MERITVE , LETO"

"Zasebna potovanja"
" ";"Evropa"
" ";" ";"Potovanja (v 1000)"
" ";" ";" ";"2012";2020
" ";" ";" ";"2013";2244
" ";" ";" ";"2014";2187
" ";" ";" ";"2015";2368
" ";" ";" ";"2016";2360
" ";" ";"Prenoèitve (v 1000)"
" ";" ";" ";"2012";11408
" ";" ";" ";"2013";11853
" ";" ";" ";"2014";11434
" ";" ";" ";"2015";13796
" ";" ";" ";"2016";13598
" ";" ";"Povpreèno število prenoèitev"
" ";" ";" ";"2012";4.2
" ";" ";" ";"2013";4.1
" ";" ";" ";"2014";4.1
" ";" ";" ";"2015";4.7
" ";" ";" ";"2016";4.6
" ";" ";"Povpreèni izdatki na turista na prenoèitev (EUR)"
" ";" ";" ";"2012";41.47
" ";" ";" ";"2013";41.31
" ";" ";" ";"2014";41.89
" ";" ";" ";"2015";41.23
" ";" ";" ";"2016";40.77
" ";"Avstrija"
" ";" ";"Potovanja (v 1000)"
" ";" ";" ";"2012";93
" ";" ";" ";"2013";173
" ";" ";" ";"2014";103
" ";" ";" ";"2015";124
" ";" ";" ";"2016";106
" ";" ";"Prenoèitve (v 1000)"
" ";" ";" ";"2012";304
" ";" ";" ";"2013";477
" ";" ";" ";"2014";282
" ";" ";" ";"2015";371
" ";" ";" ";"2016";345
" ";" ";"Povpreèno število prenoèitev"
" ";" ";" ";"2012";3.3
" ";" ";" ";"2013";2.8
" ";" ";" ";"2014";2.7
" ";" ";" ";"2015";3.0
" ";" ";" ";"2016";3.3
" ";" ";"Povpreèni izdatki na turista na prenoèitev (EUR)"
" ";" ";" ";"2012";66.38
" ";" ";" ";"2013";61.45
" ";" ";" ";"2014";74.44
" ";" ";" ";"2015";61.58
" ";" ";" ";"2016";67.19
" ";"Bosna in Hercegovina"
" ";" ";"Potovanja (v 1000)"
" ";" ";" ";"2012";117
" ";" ";" ";"2013";134
" ";" ";" ";"2014";112
" ";" ";" ";"2015";109M
" ";" ";" ";"2016";106M
" ";" ";"Prenoèitve (v 1000)"
" ";" ";" ";"2012";484
" ";" ";" ";"2013";661
" ";" ";" ";"2014";765
" ";" ";" ";"2015";541M
" ";" ";" ";"2016";690M
" ";" ";"Povpreèno število prenoèitev"
" ";" ";" ";"2012";4.1
" ";" ";" ";"2013";4.9
" ";" ";" ";"2014";6.8
" ";" ";" ";"2015";5.0M
" ";" ";" ";"2016";6.5M
" ";" ";"Povpreèni izdatki na turista na prenoèitev (EUR)"
" ";" ";" ";"2012";38.85
" ";" ";" ";"2013";29.58
" ";" ";" ";"2014";22.95
" ";" ";" ";"2015";32.69
" ";" ";" ";"2016";22.71
" ";"Èrna gora"
" ";" ";"Potovanja (v 1000)"
" ";" ";" ";"2012";23M
" ";" ";" ";"2013";25M
" ";" ";" ";"2014";N
" ";" ";" ";"2015";N
" ";" ";" ";"2016";23M
" ";" ";"Prenoèitve (v 1000)"
" ";" ";" ";"2012";226M
" ";" ";" ";"2013";185M
" ";" ";" ";"2014";N
" ";" ";" ";"2015";N
" ";" ";" ";"2016";265M
" ";" ";"Povpreèno število prenoèitev"
" ";" ";" ";"2012";9.7M
" ";" ";" ";"2013";7.5M
" ";" ";" ";"2014";N
" ";" ";" ";"2015";N
" ";" ";" ";"2016";11.5M
" ";" ";"Povpreèni izdatki na turista na prenoèitev (EUR)"
" ";" ";" ";"2012";37.45M
" ";" ";" ";"2013";57.45M
" ";" ";" ";"2014";N
" ";" ";" ";"2015";N
" ";" ";" ";"2016";33.59M
" ";"Èeška republika"
" ";" ";"Potovanja (v 1000)"
" ";" ";" ";"2012";18M
" ";" ";" ";"2013";N
" ";" ";" ";"2014";20M
" ";" ";" ";"2015";N
" ";" ";" ";"2016";29M
" ";" ";"Prenoèitve (v 1000)"
" ";" ";" ";"2012";49M
" ";" ";" ";"2013";N
" ";" ";" ";"2014";64M
" ";" ";" ";"2015";N
" ";" ";" ";"2016";81M
" ";" ";"Povpreèno število prenoèitev"
" ";" ";" ";"2012";2.8M
" ";" ";" ";"2013";N
" ";" ";" ";"2014";3.3M
" ";" ";" ";"2015";N
" ";" ";" ";"2016";2.8M
" ";" ";"Povpreèni izdatki na turista na prenoèitev (EUR)"
" ";" ";" ";"2012";102.30M
" ";" ";" ";"2013";N
" ";" ";" ";"2014";75.65M
" ";" ";" ";"2015";N
" ";" ";" ";"2016";69.30M
" ";"Francija"
" ";" ";"Potovanja (v 1000)"
" ";" ";" ";"2012";28M
" ";" ";" ";"2013";33M
" ";" ";" ";"2014";38M
" ";" ";" ";"2015";N
" ";" ";" ";"2016";37M
" ";" ";"Prenoèitve (v 1000)"
" ";" ";" ";"2012";181M
" ";" ";" ";"2013";227M
" ";" ";" ";"2014";258M
" ";" ";" ";"2015";N
" ";" ";" ";"2016";290M
" ";" ";"Povpreèno število prenoèitev"
" ";" ";" ";"2012";6.5M
" ";" ";" ";"2013";6.9M
" ";" ";" ";"2014";6.7M
" ";" ";" ";"2015";N
" ";" ";" ";"2016";7.9M
" ";" ";"Povpreèni izdatki na turista na prenoèitev (EUR)"
" ";" ";" ";"2012";84.81M
" ";" ";" ";"2013";65.42M
" ";" ";" ";"2014";70.50M
" ";" ";" ";"2015";N
" ";" ";" ";"2016";68.75M
" ";"Grèija"
" ";" ";"Potovanja (v 1000)"
" ";" ";" ";"2012";24M
" ";" ";" ";"2013";39M
" ";" ";" ";"2014";37M
" ";" ";" ";"2015";34M
" ";" ";" ";"2016";26M
" ";" ";"Prenoèitve (v 1000)"
" ";" ";" ";"2012";192M
" ";" ";" ";"2013";290M
" ";" ";" ";"2014";302M
" ";" ";" ";"2015";249M
" ";" ";" ";"2016";206M
" ";" ";"Povpreèno število prenoèitev"
" ";" ";" ";"2012";7.9M
" ";" ";" ";"2013";7.4M
" ";" ";" ";"2014";8.2M
" ";" ";" ";"2015";7.3M
" ";" ";" ";"2016";8.0M
" ";" ";"Povpreèni izdatki na turista na prenoèitev (EUR)"
" ";" ";" ";"2012";93.92M
" ";" ";" ";"2013";90.96M
" ";" ";" ";"2014";84.27M
" ";" ";" ";"2015";108.21M
" ";" ";" ";"2016";88.95M
" ";"Hrvaška"
" ";" ";"Potovanja (v 1000)"
" ";" ";" ";"2012";1314
" ";" ";" ";"2013";1421
" ";" ";" ";"2014";1454
" ";" ";" ";"2015";1558
" ";" ";" ";"2016";1612
" ";" ";"Prenoèitve (v 1000)"
" ";" ";" ";"2012";7765
" ";" ";" ";"2013";7884
" ";" ";" ";"2014";7642
" ";" ";" ";"2015";9591
" ";" ";" ";"2016";9127
" ";" ";"Povpreèno število prenoèitev"
" ";" ";" ";"2012";5.9
" ";" ";" ";"2013";5.5
" ";" ";" ";"2014";5.3
" ";" ";" ";"2015";6.2
" ";" ";" ";"2016";5.7
" ";" ";"Povpreèni izdatki na turista na prenoèitev (EUR)"
" ";" ";" ";"2012";33.95
" ";" ";" ";"2013";33.38
" ";" ";" ";"2014";34.13
" ";" ";" ";"2015";32.55
" ";" ";" ";"2016";34.48
" ";"Italija"
" ";" ";"Potovanja (v 1000)"
" ";" ";" ";"2012";105
" ";" ";" ";"2013";133
" ";" ";" ";"2014";132
" ";" ";" ";"2015";169
" ";" ";" ";"2016";117
" ";" ";"Prenoèitve (v 1000)"
" ";" ";" ";"2012";497
" ";" ";" ";"2013";511
" ";" ";" ";"2014";435
" ";" ";" ";"2015";721
" ";" ";" ";"2016";535
" ";" ";"Povpreèno število prenoèitev"
" ";" ";" ";"2012";4.7
" ";" ";" ";"2013";3.8
" ";" ";" ";"2014";3.3
" ";" ";" ";"2015";4.3
" ";" ";" ";"2016";4.6
" ";" ";"Povpreèni izdatki na turista na prenoèitev (EUR)"
" ";" ";" ";"2012";75.89
" ";" ";" ";"2013";82.83
" ";" ";" ";"2014";87.44
" ";" ";" ";"2015";75.47
" ";" ";" ";"2016";83.11
" ";"Madžarska"
" ";" ";"Potovanja (v 1000)"
" ";" ";" ";"2012";20M
" ";" ";" ";"2013";21M
" ";" ";" ";"2014";30M
" ";" ";" ";"2015";N
" ";" ";" ";"2016";29M
" ";" ";"Prenoèitve (v 1000)"
" ";" ";" ";"2012";65M
" ";" ";" ";"2013";45M
" ";" ";" ";"2014";90M
" ";" ";" ";"2015";N
" ";" ";" ";"2016";94M
" ";" ";"Povpreèno število prenoèitev"
" ";" ";" ";"2012";3.2M
" ";" ";" ";"2013";2.1M
" ";" ";" ";"2014";3.0M
" ";" ";" ";"2015";N
" ";" ";" ";"2016";3.2M
" ";" ";"Povpreèni izdatki na turista na prenoèitev (EUR)"
" ";" ";" ";"2012";59.92M
" ";" ";" ";"2013";90.25M
" ";" ";" ";"2014";74.59M
" ";" ";" ";"2015";N
" ";" ";" ";"2016";48.19M
" ";"Nemèija"
" ";" ";"Potovanja (v 1000)"
" ";" ";" ";"2012";45M
" ";" ";" ";"2013";39M
" ";" ";" ";"2014";46M
" ";" ";" ";"2015";56M
" ";" ";" ";"2016";41M
" ";" ";"Prenoèitve (v 1000)"
" ";" ";" ";"2012";183M
" ";" ";" ";"2013";197M
" ";" ";" ";"2014";177M
" ";" ";" ";"2015";346M
" ";" ";" ";"2016";230M
" ";" ";"Povpreèno število prenoèitev"
" ";" ";" ";"2012";4.1M
" ";" ";" ";"2013";5.0M
" ";" ";" ";"2014";3.9M
" ";" ";" ";"2015";6.2M
" ";" ";" ";"2016";5.7M
" ";" ";"Povpreèni izdatki na turista na prenoèitev (EUR)"
" ";" ";" ";"2012";64.12M
" ";" ";" ";"2013";48.98M
" ";" ";" ";"2014";70.70M
" ";" ";" ";"2015";53.06M
" ";" ";" ";"2016";47.15M
" ";"Srbija"
" ";" ";"Potovanja (v 1000)"
" ";" ";" ";"2012";62M
" ";" ";" ";"2013";51M
" ";" ";" ";"2014";36M
" ";" ";" ";"2015";52M
" ";" ";" ";"2016";54M
" ";" ";"Prenoèitve (v 1000)"
" ";" ";" ";"2012";293M
" ";" ";" ";"2013";205M
" ";" ";" ";"2014";136M
" ";" ";" ";"2015";188M
" ";" ";" ";"2016";401M
" ";" ";"Povpreèno število prenoèitev"
" ";" ";" ";"2012";4.7M
" ";" ";" ";"2013";4.0M
" ";" ";" ";"2014";3.8M
" ";" ";" ";"2015";3.6M
" ";" ";" ";"2016";7.5M
" ";" ";"Povpreèni izdatki na turista na prenoèitev (EUR)"
" ";" ";" ";"2012";66.91
" ";" ";" ";"2013";61.61
" ";" ";" ";"2014";41.94M
" ";" ";" ";"2015";47.88M
" ";" ";" ";"2016";34.02M
" ";"Španija"
" ";" ";"Potovanja (v 1000)"
" ";" ";" ";"2012";37M
" ";" ";" ";"2013";26M
" ";" ";" ";"2014";33M
" ";" ";" ";"2015";45M
" ";" ";" ";"2016";42M
" ";" ";"Prenoèitve (v 1000)"
" ";" ";" ";"2012";249M
" ";" ";" ";"2013";186M
" ";" ";" ";"2014";339M
" ";" ";" ";"2015";370M
" ";" ";" ";"2016";342M
" ";" ";"Povpreèno število prenoèitev"
" ";" ";" ";"2012";6.8M
" ";" ";" ";"2013";7.1M
" ";" ";" ";"2014";10.3M
" ";" ";" ";"2015";8.2M
" ";" ";" ";"2016";8.2M
" ";" ";"Povpreèni izdatki na turista na prenoèitev (EUR)"
" ";" ";" ";"2012";98.66M
" ";" ";" ";"2013";85.61M
" ";" ";" ";"2014";59.91M
" ";" ";" ";"2015";89.45M
" ";" ";" ";"2016";61.73M
" ";"Turèija"
" ";" ";"Potovanja (v 1000)"
" ";" ";" ";"2012";18M
" ";" ";" ";"2013";22M
" ";" ";" ";"2014";17M
" ";" ";" ";"2015";N
" ";" ";" ";"2016";N
" ";" ";"Prenoèitve (v 1000)"
" ";" ";" ";"2012";133M
" ";" ";" ";"2013";154M
" ";" ";" ";"2014";129M
" ";" ";" ";"2015";N
" ";" ";" ";"2016";N
" ";" ";"Povpreèno število prenoèitev"
" ";" ";" ";"2012";7.5M
" ";" ";" ";"2013";6.9M
" ";" ";" ";"2014";7.6M
" ";" ";" ";"2015";N
" ";" ";" ";"2016";N
" ";" ";"Povpreèni izdatki na turista na prenoèitev (EUR)"
" ";" ";" ";"2012";91.77M
" ";" ";" ";"2013";134.29M
" ";" ";" ";"2014";104.20M
" ";" ";" ";"2015";N
" ";" ";" ";"2016";N
" ";"Združeno kraljestvo"
" ";" ";"Potovanja (v 1000)"
" ";" ";" ";"2012";28M
" ";" ";" ";"2013";N
" ";" ";" ";"2014";22M
" ";" ";" ";"2015";31M
" ";" ";" ";"2016";N
" ";" ";"Prenoèitve (v 1000)"
" ";" ";" ";"2012";125M
" ";" ";" ";"2013";N
" ";" ";" ";"2014";100M
" ";" ";" ";"2015";185M
" ";" ";" ";"2016";N
" ";" ";"Povpreèno število prenoèitev"
" ";" ";" ";"2012";4.4M
" ";" ";" ";"2013";N
" ";" ";" ";"2014";4.5M
" ";" ";" ";"2015";5.9M
" ";" ";" ";"2016";N
" ";" ";"Povpreèni izdatki na turista na prenoèitev (EUR)"
" ";" ";" ";"2012";124.58M
" ";" ";" ";"2013";N
" ";" ";" ";"2014";116.38M
" ";" ";" ";"2015";102.40M
" ";" ";" ";"2016";N
" ";"Druge evropske države"
" ";" ";"Potovanja (v 1000)"
" ";" ";" ";"2012";88
" ";" ";" ";"2013";91
" ";" ";" ";"2014";94
" ";" ";" ";"2015";109
" ";" ";" ";"2016";104
" ";" ";"Prenoèitve (v 1000)"
" ";" ";" ";"2012";662
" ";" ";" ";"2013";668
" ";" ";" ";"2014";581
" ";" ";" ";"2015";709
" ";" ";" ";"2016";801
" ";" ";"Povpreèno število prenoèitev"
" ";" ";" ";"2012";2.9
" ";" ";" ";"2013";2.9
" ";" ";" ";"2014";2.8
" ";" ";" ";"2015";3.2
" ";" ";" ";"2016";3.3
" ";" ";"Povpreèni izdatki na turista na prenoèitev (EUR)"
" ";" ";" ";"2012";36.63
" ";" ";" ";"2013";37.76
" ";" ";" ";"2014";40.65
" ";" ";" ";"2015";39.93
" ";" ";" ";"2016";40.60
" ";"Afrika"
" ";" ";"Potovanja (v 1000)"
" ";" ";" ";"2012";26M
" ";" ";" ";"2013";24M
" ";" ";" ";"2014";22M
" ";" ";" ";"2015";N
" ";" ";" ";"2016";N
" ";" ";"Prenoèitve (v 1000)"
" ";" ";" ";"2012";221M
" ";" ";" ";"2013";187M
" ";" ";" ";"2014";176M
" ";" ";" ";"2015";N
" ";" ";" ";"2016";N
" ";" ";"Povpreèno število prenoèitev"
" ";" ";" ";"2012";8.4M
" ";" ";" ";"2013";7.7M
" ";" ";" ";"2014";7.8M
" ";" ";" ";"2015";N
" ";" ";" ";"2016";N
" ";" ";"Povpreèni izdatki na turista na prenoèitev (EUR)"
" ";" ";" ";"2012";86.96M
" ";" ";" ";"2013";100.80M
" ";" ";" ";"2014";106.78M
" ";" ";" ";"2015";N
" ";" ";" ";"2016";N
" ";"Azija"
" ";" ";"Potovanja (v 1000)"
" ";" ";" ";"2012";N
" ";" ";" ";"2013";N
" ";" ";" ";"2014";N
" ";" ";" ";"2015";23M
" ";" ";" ";"2016";27M
" ";" ";"Prenoèitve (v 1000)"
" ";" ";" ";"2012";N
" ";" ";" ";"2013";N
" ";" ";" ";"2014";N
" ";" ";" ";"2015";363M
" ";" ";" ";"2016";475M
" ";" ";"Povpreèno število prenoèitev"
" ";" ";" ";"2012";N
" ";" ";" ";"2013";N
" ";" ";" ";"2014";N
" ";" ";" ";"2015";16.0M
" ";" ";" ";"2016";17.7M
" ";" ";"Povpreèni izdatki na turista na prenoèitev (EUR)"
" ";" ";" ";"2012";N
" ";" ";" ";"2013";N
" ";" ";" ";"2014";N
" ";" ";" ";"2015";92.08M
" ";" ";" ";"2016";79.52M
" ";"Severna Amerika"
" ";" ";"Potovanja (v 1000)"
" ";" ";" ";"2012";N
" ";" ";" ";"2013";N
" ";" ";" ";"2014";N
" ";" ";" ";"2015";N
" ";" ";" ";"2016";N
" ";" ";"Prenoèitve (v 1000)"
" ";" ";" ";"2012";N
" ";" ";" ";"2013";N
" ";" ";" ";"2014";N
" ";" ";" ";"2015";N
" ";" ";" ";"2016";N
" ";" ";"Povpreèno število prenoèitev"
" ";" ";" ";"2012";N
" ";" ";" ";"2013";N
" ";" ";" ";"2014";N
" ";" ";" ";"2015";N
" ";" ";" ";"2016";N
" ";" ";"Povpreèni izdatki na turista na prenoèitev (EUR)"
" ";" ";" ";"2012";N
" ";" ";" ";"2013";N
" ";" ";" ";"2014";N
" ";" ";" ";"2015";N
" ";" ";" ";"2016";N
" ";"Druge celine"
" ";" ";"Potovanja (v 1000)"
" ";" ";" ";"2012";N
" ";" ";" ";"2013";N
" ";" ";" ";"2014";N
" ";" ";" ";"2015";N
" ";" ";" ";"2016";N
" ";" ";"Prenoèitve (v 1000)"
" ";" ";" ";"2012";N
" ";" ";" ";"2013";N
" ";" ";" ";"2014";N
" ";" ";" ";"2015";N
" ";" ";" ";"2016";N
" ";" ";"Povpreèno število prenoèitev"
" ";" ";" ";"2012";N
" ";" ";" ";"2013";N
" ";" ";" ";"2014";N
" ";" ";" ";"2015";N
" ";" ";" ";"2016";N
" ";" ";"Povpreèni izdatki na turista na prenoèitev (EUR)"
" ";" ";" ";"2012";N
" ";" ";" ";"2013";N
" ";" ";" ";"2014";N
" ";" ";" ";"2015";N
" ";" ";" ";"2016";N
" ";"Neznana država"
" ";" ";"Potovanja (v 1000)"
" ";" ";" ";"2012";-
" ";" ";" ";"2013";-
" ";" ";" ";"2014";-
" ";" ";" ";"2015";-
" ";" ";" ";"2016";N
" ";" ";"Prenoèitve (v 1000)"
" ";" ";" ";"2012";-
" ";" ";" ";"2013";-
" ";" ";" ";"2014";-
" ";" ";" ";"2015";-
" ";" ";" ";"2016";N
" ";" ";"Povpreèno število prenoèitev"
" ";" ";" ";"2012";-
" ";" ";" ";"2013";-
" ";" ";" ";"2014";-
" ";" ";" ";"2015";-
" ";" ";" ";"2016";N
" ";" ";"Povpreèni izdatki na turista na prenoèitev (EUR)"
" ";" ";" ";"2012";-
" ";" ";" ";"2013";-
" ";" ";" ";"2014";-
" ";" ";" ";"2015";-
" ";" ";" ";"2016";N
"Poslovna potovanja"
" ";"Evropa"
" ";" ";"Potovanja (v 1000)"
" ";" ";" ";"2012";389
" ";" ";" ";"2013";296
" ";" ";" ";"2014";378
" ";" ";" ";"2015";419
" ";" ";" ";"2016";401
" ";" ";"Prenoèitve (v 1000)"
" ";" ";" ";"2012";1289
" ";" ";" ";"2013";1061
" ";" ";" ";"2014";1194
" ";" ";" ";"2015";1360
" ";" ";" ";"2016";1294
" ";" ";"Povpreèno število prenoèitev"
" ";" ";" ";"2012";3.1
" ";" ";" ";"2013";3.2
" ";" ";" ";"2014";2.9
" ";" ";" ";"2015";3.1
" ";" ";" ";"2016";3.0
" ";" ";"Povpreèni izdatki na turista na prenoèitev (EUR)"
" ";" ";" ";"2012";170.31
" ";" ";" ";"2013";150.97
" ";" ";" ";"2014";169.35
" ";" ";" ";"2015";158.87
" ";" ";" ";"2016";172.74
" ";"Avstrija"
" ";" ";"Potovanja (v 1000)"
" ";" ";" ";"2012";39M
" ";" ";" ";"2013";30M
" ";" ";" ";"2014";59M
" ";" ";" ";"2015";65M
" ";" ";" ";"2016";43M
" ";" ";"Prenoèitve (v 1000)"
" ";" ";" ";"2012";91M
" ";" ";" ";"2013";92M
" ";" ";" ";"2014";100M
" ";" ";" ";"2015";124M
" ";" ";" ";"2016";79M
" ";" ";"Povpreèno število prenoèitev"
" ";" ";" ";"2012";2.3M
" ";" ";" ";"2013";3.1M
" ";" ";" ";"2014";1.7M
" ";" ";" ";"2015";1.9M
" ";" ";" ";"2016";1.8M
" ";" ";"Povpreèni izdatki na turista na prenoèitev (EUR)"
" ";" ";" ";"2012";165.81M
" ";" ";" ";"2013";156.74M
" ";" ";" ";"2014";199.52M
" ";" ";" ";"2015";167.70M
" ";" ";" ";"2016";159.18M
" ";"Bosna in Hercegovina"
" ";" ";"Potovanja (v 1000)"
" ";" ";" ";"2012";N
" ";" ";" ";"2013";N
" ";" ";" ";"2014";N
" ";" ";" ";"2015";N
" ";" ";" ";"2016";N
" ";" ";"Prenoèitve (v 1000)"
" ";" ";" ";"2012";N
" ";" ";" ";"2013";N
" ";" ";" ";"2014";N
" ";" ";" ";"2015";N
" ";" ";" ";"2016";N
" ";" ";"Povpreèno število prenoèitev"
" ";" ";" ";"2012";N
" ";" ";" ";"2013";N
" ";" ";" ";"2014";N
" ";" ";" ";"2015";N
" ";" ";" ";"2016";N
" ";" ";"Povpreèni izdatki na turista na prenoèitev (EUR)"
" ";" ";" ";"2012";N
" ";" ";" ";"2013";N
" ";" ";" ";"2014";N
" ";" ";" ";"2015";N
" ";" ";" ";"2016";N
" ";"Èrna gora"
" ";" ";"Potovanja (v 1000)"
" ";" ";" ";"2012";N
" ";" ";" ";"2013";N
" ";" ";" ";"2014";N
" ";" ";" ";"2015";N
" ";" ";" ";"2016";N
" ";" ";"Prenoèitve (v 1000)"
" ";" ";" ";"2012";N
" ";" ";" ";"2013";N
" ";" ";" ";"2014";N
" ";" ";" ";"2015";N
" ";" ";" ";"2016";N
" ";" ";"Povpreèno število prenoèitev"
" ";" ";" ";"2012";N
" ";" ";" ";"2013";N
" ";" ";" ";"2014";N
" ";" ";" ";"2015";N
" ";" ";" ";"2016";N
" ";" ";"Povpreèni izdatki na turista na prenoèitev (EUR)"
" ";" ";" ";"2012";N
" ";" ";" ";"2013";N
" ";" ";" ";"2014";N
" ";" ";" ";"2015";N
" ";" ";" ";"2016";N
" ";"Èeška republika"
" ";" ";"Potovanja (v 1000)"
" ";" ";" ";"2012";N
" ";" ";" ";"2013";N
" ";" ";" ";"2014";N
" ";" ";" ";"2015";N
" ";" ";" ";"2016";N
" ";" ";"Prenoèitve (v 1000)"
" ";" ";" ";"2012";N
" ";" ";" ";"2013";N
" ";" ";" ";"2014";N
" ";" ";" ";"2015";N
" ";" ";" ";"2016";N
" ";" ";"Povpreèno število prenoèitev"
" ";" ";" ";"2012";N
" ";" ";" ";"2013";N
" ";" ";" ";"2014";N
" ";" ";" ";"2015";N
" ";" ";" ";"2016";N
" ";" ";"Povpreèni izdatki na turista na prenoèitev (EUR)"
" ";" ";" ";"2012";N
" ";" ";" ";"2013";N
" ";" ";" ";"2014";N
" ";" ";" ";"2015";N
" ";" ";" ";"2016";N
" ";"Francija"
" ";" ";"Potovanja (v 1000)"
" ";" ";" ";"2012";N
" ";" ";" ";"2013";N
" ";" ";" ";"2014";N
" ";" ";" ";"2015";N
" ";" ";" ";"2016";N
" ";" ";"Prenoèitve (v 1000)"
" ";" ";" ";"2012";N
" ";" ";" ";"2013";N
" ";" ";" ";"2014";N
" ";" ";" ";"2015";N
" ";" ";" ";"2016";N
" ";" ";"Povpreèno število prenoèitev"
" ";" ";" ";"2012";N
" ";" ";" ";"2013";N
" ";" ";" ";"2014";N
" ";" ";" ";"2015";N
" ";" ";" ";"2016";N
" ";" ";"Povpreèni izdatki na turista na prenoèitev (EUR)"
" ";" ";" ";"2012";N
" ";" ";" ";"2013";N
" ";" ";" ";"2014";N
" ";" ";" ";"2015";N
" ";" ";" ";"2016";N
" ";"Grèija"
" ";" ";"Potovanja (v 1000)"
" ";" ";" ";"2012";N
" ";" ";" ";"2013";-
" ";" ";" ";"2014";N
" ";" ";" ";"2015";N
" ";" ";" ";"2016";N
" ";" ";"Prenoèitve (v 1000)"
" ";" ";" ";"2012";N
" ";" ";" ";"2013";-
" ";" ";" ";"2014";N
" ";" ";" ";"2015";N
" ";" ";" ";"2016";N
" ";" ";"Povpreèno število prenoèitev"
" ";" ";" ";"2012";N
" ";" ";" ";"2013";-
" ";" ";" ";"2014";N
" ";" ";" ";"2015";N
" ";" ";" ";"2016";N
" ";" ";"Povpreèni izdatki na turista na prenoèitev (EUR)"
" ";" ";" ";"2012";N
" ";" ";" ";"2013";-
" ";" ";" ";"2014";N
" ";" ";" ";"2015";N
" ";" ";" ";"2016";N
" ";"Hrvaška"
" ";" ";"Potovanja (v 1000)"
" ";" ";" ";"2012";37M
" ";" ";" ";"2013";28M
" ";" ";" ";"2014";40M
" ";" ";" ";"2015";56M
" ";" ";" ";"2016";48M
" ";" ";"Prenoèitve (v 1000)"
" ";" ";" ";"2012";104M
" ";" ";" ";"2013";50M
" ";" ";" ";"2014";76M
" ";" ";" ";"2015";186M
" ";" ";" ";"2016";111M
" ";" ";"Povpreèno število prenoèitev"
" ";" ";" ";"2012";2.8M
" ";" ";" ";"2013";1.8M
" ";" ";" ";"2014";1.9M
" ";" ";" ";"2015";3.3M
" ";" ";" ";"2016";2.3M
" ";" ";"Povpreèni izdatki na turista na prenoèitev (EUR)"
" ";" ";" ";"2012";133.70M
" ";" ";" ";"2013";155.07M
" ";" ";" ";"2014";141.06M
" ";" ";" ";"2015";120.52M
" ";" ";" ";"2016";111.20M
" ";"Italija"
" ";" ";"Potovanja (v 1000)"
" ";" ";" ";"2012";47M
" ";" ";" ";"2013";37M
" ";" ";" ";"2014";25M
" ";" ";" ";"2015";49M
" ";" ";" ";"2016";34M
" ";" ";"Prenoèitve (v 1000)"
" ";" ";" ";"2012";141M
" ";" ";" ";"2013";106M
" ";" ";" ";"2014";53M
" ";" ";" ";"2015";103M
" ";" ";" ";"2016";107M
" ";" ";"Povpreèno število prenoèitev"
" ";" ";" ";"2012";3.0M
" ";" ";" ";"2013";2.9M
" ";" ";" ";"2014";2.1M
" ";" ";" ";"2015";2.1M
" ";" ";" ";"2016";3.1M
" ";" ";"Povpreèni izdatki na turista na prenoèitev (EUR)"
" ";" ";" ";"2012";140.69M
" ";" ";" ";"2013";147.22M
" ";" ";" ";"2014";228.36M
" ";" ";" ";"2015";203.94M
" ";" ";" ";"2016";166.65M
" ";"Madžarska"
" ";" ";"Potovanja (v 1000)"
" ";" ";" ";"2012";N
" ";" ";" ";"2013";N
" ";" ";" ";"2014";N
" ";" ";" ";"2015";N
" ";" ";" ";"2016";N
" ";" ";"Prenoèitve (v 1000)"
" ";" ";" ";"2012";N
" ";" ";" ";"2013";N
" ";" ";" ";"2014";N
" ";" ";" ";"2015";N
" ";" ";" ";"2016";N
" ";" ";"Povpreèno število prenoèitev"
" ";" ";" ";"2012";N
" ";" ";" ";"2013";N
" ";" ";" ";"2014";N
" ";" ";" ";"2015";N
" ";" ";" ";"2016";N
" ";" ";"Povpreèni izdatki na turista na prenoèitev (EUR)"
" ";" ";" ";"2012";N
" ";" ";" ";"2013";N
" ";" ";" ";"2014";N
" ";" ";" ";"2015";N
" ";" ";" ";"2016";N
" ";"Nemèija"
" ";" ";"Potovanja (v 1000)"
" ";" ";" ";"2012";76M
" ";" ";" ";"2013";51M
" ";" ";" ";"2014";71M
" ";" ";" ";"2015";54M
" ";" ";" ";"2016";62M
" ";" ";"Prenoèitve (v 1000)"
" ";" ";" ";"2012";209M
" ";" ";" ";"2013";236M
" ";" ";" ";"2014";301M
" ";" ";" ";"2015";164M
" ";" ";" ";"2016";193M
" ";" ";"Povpreèno število prenoèitev"
" ";" ";" ";"2012";2.7M
" ";" ";" ";"2013";4.6M
" ";" ";" ";"2014";4.3M
" ";" ";" ";"2015";3.0M
" ";" ";" ";"2016";3.1M
" ";" ";"Povpreèni izdatki na turista na prenoèitev (EUR)"
" ";" ";" ";"2012";199.12
" ";" ";" ";"2013";149.96M
" ";" ";" ";"2014";149.29M
" ";" ";" ";"2015";230.16M
" ";" ";" ";"2016";187.02M
" ";"Srbija"
" ";" ";"Potovanja (v 1000)"
" ";" ";" ";"2012";17M
" ";" ";" ";"2013";35M
" ";" ";" ";"2014";39M
" ";" ";" ";"2015";N
" ";" ";" ";"2016";N
" ";" ";"Prenoèitve (v 1000)"
" ";" ";" ";"2012";36M
" ";" ";" ";"2013";93M
" ";" ";" ";"2014";69M
" ";" ";" ";"2015";N
" ";" ";" ";"2016";N
" ";" ";"Povpreèno število prenoèitev"
" ";" ";" ";"2012";2.2M
" ";" ";" ";"2013";2.7M
" ";" ";" ";"2014";1.8M
" ";" ";" ";"2015";N
" ";" ";" ";"2016";N
" ";" ";"Povpreèni izdatki na turista na prenoèitev (EUR)"
" ";" ";" ";"2012";175.05M
" ";" ";" ";"2013";114.30M
" ";" ";" ";"2014";204.14M
" ";" ";" ";"2015";N
" ";" ";" ";"2016";N
" ";"Španija"
" ";" ";"Potovanja (v 1000)"
" ";" ";" ";"2012";N
" ";" ";" ";"2013";N
" ";" ";" ";"2014";N
" ";" ";" ";"2015";N
" ";" ";" ";"2016";N
" ";" ";"Prenoèitve (v 1000)"
" ";" ";" ";"2012";N
" ";" ";" ";"2013";N
" ";" ";" ";"2014";N
" ";" ";" ";"2015";N
" ";" ";" ";"2016";N
" ";" ";"Povpreèno število prenoèitev"
" ";" ";" ";"2012";N
" ";" ";" ";"2013";N
" ";" ";" ";"2014";N
" ";" ";" ";"2015";N
" ";" ";" ";"2016";N
" ";" ";"Povpreèni izdatki na turista na prenoèitev (EUR)"
" ";" ";" ";"2012";N
" ";" ";" ";"2013";N
" ";" ";" ";"2014";N
" ";" ";" ";"2015";N
" ";" ";" ";"2016";N
" ";"Turèija"
" ";" ";"Potovanja (v 1000)"
" ";" ";" ";"2012";N
" ";" ";" ";"2013";N
" ";" ";" ";"2014";N
" ";" ";" ";"2015";N
" ";" ";" ";"2016";N
" ";" ";"Prenoèitve (v 1000)"
" ";" ";" ";"2012";N
" ";" ";" ";"2013";N
" ";" ";" ";"2014";N
" ";" ";" ";"2015";N
" ";" ";" ";"2016";N
" ";" ";"Povpreèno število prenoèitev"
" ";" ";" ";"2012";N
" ";" ";" ";"2013";N
" ";" ";" ";"2014";N
" ";" ";" ";"2015";N
" ";" ";" ";"2016";N
" ";" ";"Povpreèni izdatki na turista na prenoèitev (EUR)"
" ";" ";" ";"2012";N
" ";" ";" ";"2013";N
" ";" ";" ";"2014";N
" ";" ";" ";"2015";N
" ";" ";" ";"2016";N
" ";"Združeno kraljestvo"
" ";" ";"Potovanja (v 1000)"
" ";" ";" ";"2012";N
" ";" ";" ";"2013";N
" ";" ";" ";"2014";N
" ";" ";" ";"2015";N
" ";" ";" ";"2016";N
" ";" ";"Prenoèitve (v 1000)"
" ";" ";" ";"2012";N
" ";" ";" ";"2013";N
" ";" ";" ";"2014";N
" ";" ";" ";"2015";N
" ";" ";" ";"2016";N
" ";" ";"Povpreèno število prenoèitev"
" ";" ";" ";"2012";N
" ";" ";" ";"2013";N
" ";" ";" ";"2014";N
" ";" ";" ";"2015";N
" ";" ";" ";"2016";N
" ";" ";"Povpreèni izdatki na turista na prenoèitev (EUR)"
" ";" ";" ";"2012";N
" ";" ";" ";"2013";N
" ";" ";" ";"2014";N
" ";" ";" ";"2015";N
" ";" ";" ";"2016";N
" ";"Druge evropske države"
" ";" ";"Potovanja (v 1000)"
" ";" ";" ";"2012";77M
" ";" ";" ";"2013";50M
" ";" ";" ";"2014";74M
" ";" ";" ";"2015";85M
" ";" ";" ";"2016";82M
" ";" ";"Prenoèitve (v 1000)"
" ";" ";" ";"2012";370M
" ";" ";" ";"2013";165M
" ";" ";" ";"2014";396M
" ";" ";" ";"2015";311M
" ";" ";" ";"2016";370M
" ";" ";"Povpreèno število prenoèitev"
" ";" ";" ";"2012";3.3M
" ";" ";" ";"2013";2.5M
" ";" ";" ";"2014";3.4M
" ";" ";" ";"2015";3.1M
" ";" ";" ";"2016";3.1M
" ";" ";"Povpreèni izdatki na turista na prenoèitev (EUR)"
" ";" ";" ";"2012";170.07
" ";" ";" ";"2013";145.74
" ";" ";" ";"2014";160.07
" ";" ";" ";"2015";151.26M
" ";" ";" ";"2016";177.44
" ";"Afrika"
" ";" ";"Potovanja (v 1000)"
" ";" ";" ";"2012";N
" ";" ";" ";"2013";-
" ";" ";" ";"2014";N
" ";" ";" ";"2015";N
" ";" ";" ";"2016";N
" ";" ";"Prenoèitve (v 1000)"
" ";" ";" ";"2012";N
" ";" ";" ";"2013";-
" ";" ";" ";"2014";N
" ";" ";" ";"2015";N
" ";" ";" ";"2016";N
" ";" ";"Povpreèno število prenoèitev"
" ";" ";" ";"2012";N
" ";" ";" ";"2013";-
" ";" ";" ";"2014";N
" ";" ";" ";"2015";N
" ";" ";" ";"2016";N
" ";" ";"Povpreèni izdatki na turista na prenoèitev (EUR)"
" ";" ";" ";"2012";N
" ";" ";" ";"2013";-
" ";" ";" ";"2014";N
" ";" ";" ";"2015";N
" ";" ";" ";"2016";N
" ";"Azija"
" ";" ";"Potovanja (v 1000)"
" ";" ";" ";"2012";N
" ";" ";" ";"2013";N
" ";" ";" ";"2014";N
" ";" ";" ";"2015";N
" ";" ";" ";"2016";N
" ";" ";"Prenoèitve (v 1000)"
" ";" ";" ";"2012";N
" ";" ";" ";"2013";N
" ";" ";" ";"2014";N
" ";" ";" ";"2015";N
" ";" ";" ";"2016";N
" ";" ";"Povpreèno število prenoèitev"
" ";" ";" ";"2012";N
" ";" ";" ";"2013";N
" ";" ";" ";"2014";N
" ";" ";" ";"2015";N
" ";" ";" ";"2016";N
" ";" ";"Povpreèni izdatki na turista na prenoèitev (EUR)"
" ";" ";" ";"2012";N
" ";" ";" ";"2013";N
" ";" ";" ";"2014";N
" ";" ";" ";"2015";N
" ";" ";" ";"2016";N
" ";"Severna Amerika"
" ";" ";"Potovanja (v 1000)"
" ";" ";" ";"2012";N
" ";" ";" ";"2013";N
" ";" ";" ";"2014";N
" ";" ";" ";"2015";N
" ";" ";" ";"2016";N
" ";" ";"Prenoèitve (v 1000)"
" ";" ";" ";"2012";N
" ";" ";" ";"2013";N
" ";" ";" ";"2014";N
" ";" ";" ";"2015";N
" ";" ";" ";"2016";N
" ";" ";"Povpreèno število prenoèitev"
" ";" ";" ";"2012";N
" ";" ";" ";"2013";N
" ";" ";" ";"2014";N
" ";" ";" ";"2015";N
" ";" ";" ";"2016";N
" ";" ";"Povpreèni izdatki na turista na prenoèitev (EUR)"
" ";" ";" ";"2012";N
" ";" ";" ";"2013";N
" ";" ";" ";"2014";N
" ";" ";" ";"2015";N
" ";" ";" ";"2016";N
" ";"Druge celine"
" ";" ";"Potovanja (v 1000)"
" ";" ";" ";"2012";-
" ";" ";" ";"2013";-
" ";" ";" ";"2014";N
" ";" ";" ";"2015";N
" ";" ";" ";"2016";-
" ";" ";"Prenoèitve (v 1000)"
" ";" ";" ";"2012";-
" ";" ";" ";"2013";-
" ";" ";" ";"2014";N
" ";" ";" ";"2015";N
" ";" ";" ";"2016";-
" ";" ";"Povpreèno število prenoèitev"
" ";" ";" ";"2012";-
" ";" ";" ";"2013";-
" ";" ";" ";"2014";N
" ";" ";" ";"2015";N
" ";" ";" ";"2016";-
" ";" ";"Povpreèni izdatki na turista na prenoèitev (EUR)"
" ";" ";" ";"2012";-
" ";" ";" ";"2013";-
" ";" ";" ";"2014";N
" ";" ";" ";"2015";N
" ";" ";" ";"2016";-
" ";"Neznana država"
" ";" ";"Potovanja (v 1000)"
" ";" ";" ";"2012";-
" ";" ";" ";"2013";-
" ";" ";" ";"2014";-
" ";" ";" ";"2015";-
" ";" ";" ";"2016";N
" ";" ";"Prenoèitve (v 1000)"
" ";" ";" ";"2012";-
" ";" ";" ";"2013";-
" ";" ";" ";"2014";-
" ";" ";" ";"2015";-
" ";" ";" ";"2016";N
" ";" ";"Povpreèno število prenoèitev"
" ";" ";" ";"2012";-
" ";" ";" ";"2013";-
" ";" ";" ";"2014";-
" ";" ";" ";"2015";-
" ";" ";" ";"2016";N
" ";" ";"Povpreèni izdatki na turista na prenoèitev (EUR)"
" ";" ";" ";"2012";-
" ";" ";" ";"2013";-
" ";" ";" ";"2014";-
" ";" ";" ";"2015";-
" ";" ";" ";"2016";N

"Vir: Statistièni urad Republike Slovenije "
" "
"Podatki so ocene, pridobljene z anketo, na vzorcu, ki predstavlja "
"celotno populacijo prebivalcev Slovenije, starih 15 let ali veè. "

"Povezane vsebine: "
" "
"- (seznam "
"HREF=http://www.stat.si/statweb/Common/PrikaziDokument.ashx?IdDatotek-"
"e=8262 target=_blank) Metodološka pojasnila "

"Seštevki se zaradi zaokroževanja vedno ne ujemajo."

"Seštevki se zaradi zaokroževanja vedno ne ujemajo."

