"Zasebna potovanja po: DESTINACIJA, PREVOZNO SREDSTVO, MERITVE ,"
"ÈETRTLETJE"

"Slovenija"
" ";"Osebno cestno motorno vozilo"
" ";" ";"Potovanja (v 1000)"
" ";" ";" ";"2006Q1";621
" ";" ";" ";"2006Q2";597
" ";" ";" ";"2006Q3";733
" ";" ";" ";"2006Q4";455
" ";" ";" ";"2007Q1";339
" ";" ";" ";"2007Q2";262
" ";" ";" ";"2007Q3";589
" ";" ";" ";"2007Q4";327
" ";" ";" ";"2008Q1";345
" ";" ";" ";"2008Q2";327
" ";" ";" ";"2008Q3";570
" ";" ";" ";"2008Q4";429
" ";" ";" ";"2009Q1";443
" ";" ";" ";"2009Q2";497
" ";" ";" ";"2009Q3";777
" ";" ";" ";"2009Q4";399
" ";" ";" ";"2010Q1";427
" ";" ";" ";"2010Q2";483
" ";" ";" ";"2010Q3";557
" ";" ";" ";"2010Q4";314
" ";" ";" ";"2011Q1";422
" ";" ";" ";"2011Q2";427
" ";" ";" ";"2011Q3";627
" ";" ";" ";"2011Q4";327
" ";" ";" ";"2012Q1";258
" ";" ";" ";"2012Q2";439
" ";" ";" ";"2012Q3";668
" ";" ";" ";"2012Q4";523
" ";" ";" ";"2013Q1";338
" ";" ";" ";"2013Q2";419
" ";" ";" ";"2013Q3";644
" ";" ";" ";"2013Q4";388
" ";" ";" ";"2014Q1";398
" ";" ";" ";"2014Q2";374
" ";" ";" ";"2014Q3";577
" ";" ";" ";"2014Q4";338
" ";" ";" ";"2015Q1";300
" ";" ";" ";"2015Q2";410
" ";" ";" ";"2015Q3";430
" ";" ";" ";"2015Q4";252
" ";" ";" ";"2016Q1";304
" ";" ";" ";"2016Q2";351
" ";" ";" ";"2016Q3";498
" ";" ";" ";"2016Q4";341
" ";" ";"Prenoèitve (v 1000)"
" ";" ";" ";"2006Q1";1482
" ";" ";" ";"2006Q2";1444
" ";" ";" ";"2006Q3";2573
" ";" ";" ";"2006Q4";1135
" ";" ";" ";"2007Q1";939
" ";" ";" ";"2007Q2";772
" ";" ";" ";"2007Q3";2018
" ";" ";" ";"2007Q4";858
" ";" ";" ";"2008Q1";847
" ";" ";" ";"2008Q2";887
" ";" ";" ";"2008Q3";2219
" ";" ";" ";"2008Q4";1095
" ";" ";" ";"2009Q1";1100
" ";" ";" ";"2009Q2";1201
" ";" ";" ";"2009Q3";2869
" ";" ";" ";"2009Q4";971
" ";" ";" ";"2010Q1";1057
" ";" ";" ";"2010Q2";1157
" ";" ";" ";"2010Q3";2117
" ";" ";" ";"2010Q4";807
" ";" ";" ";"2011Q1";1097
" ";" ";" ";"2011Q2";1039
" ";" ";" ";"2011Q3";2187
" ";" ";" ";"2011Q4";834
" ";" ";" ";"2012Q1";725
" ";" ";" ";"2012Q2";1034
" ";" ";" ";"2012Q3";2139
" ";" ";" ";"2012Q4";1152
" ";" ";" ";"2013Q1";847
" ";" ";" ";"2013Q2";930
" ";" ";" ";"2013Q3";2134
" ";" ";" ";"2013Q4";858
" ";" ";" ";"2014Q1";900
" ";" ";" ";"2014Q2";950
" ";" ";" ";"2014Q3";1724
" ";" ";" ";"2014Q4";816
" ";" ";" ";"2015Q1";803
" ";" ";" ";"2015Q2";1057
" ";" ";" ";"2015Q3";1633
" ";" ";" ";"2015Q4";629
" ";" ";" ";"2016Q1";910
" ";" ";" ";"2016Q2";894
" ";" ";" ";"2016Q3";1839
" ";" ";" ";"2016Q4";812
" ";" ";"Povpreèno število prenoèitev"
" ";" ";" ";"2006Q1";2.4
" ";" ";" ";"2006Q2";2.4
" ";" ";" ";"2006Q3";3.5
" ";" ";" ";"2006Q4";2.5
" ";" ";" ";"2007Q1";2.8
" ";" ";" ";"2007Q2";3.0
" ";" ";" ";"2007Q3";3.4
" ";" ";" ";"2007Q4";2.6
" ";" ";" ";"2008Q1";2.5
" ";" ";" ";"2008Q2";2.7
" ";" ";" ";"2008Q3";3.9
" ";" ";" ";"2008Q4";2.6
" ";" ";" ";"2009Q1";2.5
" ";" ";" ";"2009Q2";2.4
" ";" ";" ";"2009Q3";3.7
" ";" ";" ";"2009Q4";2.4
" ";" ";" ";"2010Q1";2.5
" ";" ";" ";"2010Q2";2.4
" ";" ";" ";"2010Q3";3.8
" ";" ";" ";"2010Q4";2.6
" ";" ";" ";"2011Q1";2.6
" ";" ";" ";"2011Q2";2.4
" ";" ";" ";"2011Q3";3.5
" ";" ";" ";"2011Q4";2.6
" ";" ";" ";"2012Q1";2.8
" ";" ";" ";"2012Q2";2.4
" ";" ";" ";"2012Q3";3.2
" ";" ";" ";"2012Q4";2.2
" ";" ";" ";"2013Q1";2.5
" ";" ";" ";"2013Q2";2.2
" ";" ";" ";"2013Q3";3.3
" ";" ";" ";"2013Q4";2.2
" ";" ";" ";"2014Q1";2.3
" ";" ";" ";"2014Q2";2.5
" ";" ";" ";"2014Q3";3.0
" ";" ";" ";"2014Q4";2.4
" ";" ";" ";"2015Q1";2.7
" ";" ";" ";"2015Q2";2.6
" ";" ";" ";"2015Q3";3.8
" ";" ";" ";"2015Q4";2.5
" ";" ";" ";"2016Q1";3.0
" ";" ";" ";"2016Q2";2.6
" ";" ";" ";"2016Q3";3.7
" ";" ";" ";"2016Q4";2.4
" ";" ";"Povpreèni izdatki na turista na prenoèitev (EUR)"
" ";" ";" ";"2006Q1";27.55
" ";" ";" ";"2006Q2";23.16
" ";" ";" ";"2006Q3";21.41
" ";" ";" ";"2006Q4";26.90
" ";" ";" ";"2007Q1";34.74
" ";" ";" ";"2007Q2";36.65
" ";" ";" ";"2007Q3";28.56
" ";" ";" ";"2007Q4";31.75
" ";" ";" ";"2008Q1";30.97
" ";" ";" ";"2008Q2";35.28
" ";" ";" ";"2008Q3";29.20
" ";" ";" ";"2008Q4";33.07
" ";" ";" ";"2009Q1";32.19
" ";" ";" ";"2009Q2";36.73
" ";" ";" ";"2009Q3";37.48
" ";" ";" ";"2009Q4";35.56
" ";" ";" ";"2010Q1";42.48
" ";" ";" ";"2010Q2";31.38
" ";" ";" ";"2010Q3";38.64
" ";" ";" ";"2010Q4";39.06
" ";" ";" ";"2011Q1";35.54
" ";" ";" ";"2011Q2";36.98
" ";" ";" ";"2011Q3";31.25
" ";" ";" ";"2011Q4";36.51
" ";" ";" ";"2012Q1";36.21
" ";" ";" ";"2012Q2";35.14
" ";" ";" ";"2012Q3";32.08
" ";" ";" ";"2012Q4";33.66
" ";" ";" ";"2013Q1";40.20
" ";" ";" ";"2013Q2";33.43
" ";" ";" ";"2013Q3";30.51
" ";" ";" ";"2013Q4";37.79
" ";" ";" ";"2014Q1";36.10
" ";" ";" ";"2014Q2";33.93
" ";" ";" ";"2014Q3";35.77
" ";" ";" ";"2014Q4";37.26
" ";" ";" ";"2015Q1";41.05
" ";" ";" ";"2015Q2";33.69
" ";" ";" ";"2015Q3";31.17
" ";" ";" ";"2015Q4";41.29
" ";" ";" ";"2016Q1";37.90
" ";" ";" ";"2016Q2";37.87
" ";" ";" ";"2016Q3";32.19
" ";" ";" ";"2016Q4";40.69
" ";"Avtobus"
" ";" ";"Potovanja (v 1000)"
" ";" ";" ";"2006Q1";18M
" ";" ";" ";"2006Q2";29M
" ";" ";" ";"2006Q3";N
" ";" ";" ";"2006Q4";10M
" ";" ";" ";"2007Q1";N
" ";" ";" ";"2007Q2";N
" ";" ";" ";"2007Q3";36M
" ";" ";" ";"2007Q4";N
" ";" ";" ";"2008Q1";11M
" ";" ";" ";"2008Q2";17M
" ";" ";" ";"2008Q3";30M
" ";" ";" ";"2008Q4";7M
" ";" ";" ";"2009Q1";12M
" ";" ";" ";"2009Q2";N
" ";" ";" ";"2009Q3";N
" ";" ";" ";"2009Q4";15M
" ";" ";" ";"2010Q1";13M
" ";" ";" ";"2010Q2";11M
" ";" ";" ";"2010Q3";N
" ";" ";" ";"2010Q4";10M
" ";" ";" ";"2011Q1";N
" ";" ";" ";"2011Q2";N
" ";" ";" ";"2011Q3";N
" ";" ";" ";"2011Q4";N
" ";" ";" ";"2012Q1";N
" ";" ";" ";"2012Q2";N
" ";" ";" ";"2012Q3";N
" ";" ";" ";"2012Q4";N
" ";" ";" ";"2013Q1";N
" ";" ";" ";"2013Q2";N
" ";" ";" ";"2013Q3";N
" ";" ";" ";"2013Q4";N
" ";" ";" ";"2014Q1";N
" ";" ";" ";"2014Q2";N
" ";" ";" ";"2014Q3";N
" ";" ";" ";"2014Q4";13M
" ";" ";" ";"2015Q1";N
" ";" ";" ";"2015Q2";N
" ";" ";" ";"2015Q3";N
" ";" ";" ";"2015Q4";N
" ";" ";" ";"2016Q1";N
" ";" ";" ";"2016Q2";N
" ";" ";" ";"2016Q3";N
" ";" ";" ";"2016Q4";N
" ";" ";"Prenoèitve (v 1000)"
" ";" ";" ";"2006Q1";50M
" ";" ";" ";"2006Q2";88M
" ";" ";" ";"2006Q3";N
" ";" ";" ";"2006Q4";31M
" ";" ";" ";"2007Q1";N
" ";" ";" ";"2007Q2";N
" ";" ";" ";"2007Q3";204M
" ";" ";" ";"2007Q4";N
" ";" ";" ";"2008Q1";18M
" ";" ";" ";"2008Q2";32M
" ";" ";" ";"2008Q3";163M
" ";" ";" ";"2008Q4";21M
" ";" ";" ";"2009Q1";37M
" ";" ";" ";"2009Q2";N
" ";" ";" ";"2009Q3";N
" ";" ";" ";"2009Q4";43M
" ";" ";" ";"2010Q1";30M
" ";" ";" ";"2010Q2";59M
" ";" ";" ";"2010Q3";N
" ";" ";" ";"2010Q4";34M
" ";" ";" ";"2011Q1";N
" ";" ";" ";"2011Q2";N
" ";" ";" ";"2011Q3";N
" ";" ";" ";"2011Q4";N
" ";" ";" ";"2012Q1";N
" ";" ";" ";"2012Q2";N
" ";" ";" ";"2012Q3";N
" ";" ";" ";"2012Q4";N
" ";" ";" ";"2013Q1";N
" ";" ";" ";"2013Q2";N
" ";" ";" ";"2013Q3";N
" ";" ";" ";"2013Q4";N
" ";" ";" ";"2014Q1";N
" ";" ";" ";"2014Q2";N
" ";" ";" ";"2014Q3";N
" ";" ";" ";"2014Q4";46M
" ";" ";" ";"2015Q1";N
" ";" ";" ";"2015Q2";N
" ";" ";" ";"2015Q3";N
" ";" ";" ";"2015Q4";N
" ";" ";" ";"2016Q1";N
" ";" ";" ";"2016Q2";N
" ";" ";" ";"2016Q3";N
" ";" ";" ";"2016Q4";N
" ";" ";"Povpreèno število prenoèitev"
" ";" ";" ";"2006Q1";2.9M
" ";" ";" ";"2006Q2";3.1M
" ";" ";" ";"2006Q3";N
" ";" ";" ";"2006Q4";3.3M
" ";" ";" ";"2007Q1";N
" ";" ";" ";"2007Q2";N
" ";" ";" ";"2007Q3";5.7M
" ";" ";" ";"2007Q4";N
" ";" ";" ";"2008Q1";1.6M
" ";" ";" ";"2008Q2";1.9M
" ";" ";" ";"2008Q3";5.4M
" ";" ";" ";"2008Q4";3.2M
" ";" ";" ";"2009Q1";3.2M
" ";" ";" ";"2009Q2";N
" ";" ";" ";"2009Q3";N
" ";" ";" ";"2009Q4";2.9M
" ";" ";" ";"2010Q1";2.3M
" ";" ";" ";"2010Q2";5.3M
" ";" ";" ";"2010Q3";N
" ";" ";" ";"2010Q4";3.5M
" ";" ";" ";"2011Q1";N
" ";" ";" ";"2011Q2";N
" ";" ";" ";"2011Q3";N
" ";" ";" ";"2011Q4";N
" ";" ";" ";"2012Q1";N
" ";" ";" ";"2012Q2";N
" ";" ";" ";"2012Q3";N
" ";" ";" ";"2012Q4";N
" ";" ";" ";"2013Q1";N
" ";" ";" ";"2013Q2";N
" ";" ";" ";"2013Q3";N
" ";" ";" ";"2013Q4";N
" ";" ";" ";"2014Q1";N
" ";" ";" ";"2014Q2";N
" ";" ";" ";"2014Q3";N
" ";" ";" ";"2014Q4";3.7M
" ";" ";" ";"2015Q1";N
" ";" ";" ";"2015Q2";N
" ";" ";" ";"2015Q3";N
" ";" ";" ";"2015Q4";N
" ";" ";" ";"2016Q1";N
" ";" ";" ";"2016Q2";N
" ";" ";" ";"2016Q3";N
" ";" ";" ";"2016Q4";N
" ";" ";"Povpreèni izdatki na turista na prenoèitev (EUR)"
" ";" ";" ";"2006Q1";32.22M
" ";" ";" ";"2006Q2";21.26M
" ";" ";" ";"2006Q3";N
" ";" ";" ";"2006Q4";39.07M
" ";" ";" ";"2007Q1";N
" ";" ";" ";"2007Q2";N
" ";" ";" ";"2007Q3";31.73M
" ";" ";" ";"2007Q4";N
" ";" ";" ";"2008Q1";18.79M
" ";" ";" ";"2008Q2";67.50M
" ";" ";" ";"2008Q3";24.64M
" ";" ";" ";"2008Q4";43.60M
" ";" ";" ";"2009Q1";25.98M
" ";" ";" ";"2009Q2";N
" ";" ";" ";"2009Q3";N
" ";" ";" ";"2009Q4";36.95M
" ";" ";" ";"2010Q1";56.07M
" ";" ";" ";"2010Q2";47.87M
" ";" ";" ";"2010Q3";N
" ";" ";" ";"2010Q4";44.30M
" ";" ";" ";"2011Q1";N
" ";" ";" ";"2011Q2";N
" ";" ";" ";"2011Q3";N
" ";" ";" ";"2011Q4";N
" ";" ";" ";"2012Q1";N
" ";" ";" ";"2012Q2";N
" ";" ";" ";"2012Q3";N
" ";" ";" ";"2012Q4";N
" ";" ";" ";"2013Q1";N
" ";" ";" ";"2013Q2";N
" ";" ";" ";"2013Q3";N
" ";" ";" ";"2013Q4";N
" ";" ";" ";"2014Q1";N
" ";" ";" ";"2014Q2";N
" ";" ";" ";"2014Q3";N
" ";" ";" ";"2014Q4";36.17M
" ";" ";" ";"2015Q1";N
" ";" ";" ";"2015Q2";N
" ";" ";" ";"2015Q3";N
" ";" ";" ";"2015Q4";N
" ";" ";" ";"2016Q1";N
" ";" ";" ";"2016Q2";N
" ";" ";" ";"2016Q3";N
" ";" ";" ";"2016Q4";N
" ";"Letalo"
" ";" ";"Potovanja (v 1000)"
" ";" ";" ";"2006Q1";-
" ";" ";" ";"2006Q2";-
" ";" ";" ";"2006Q3";-
" ";" ";" ";"2006Q4";-
" ";" ";" ";"2007Q1";-
" ";" ";" ";"2007Q2";-
" ";" ";" ";"2007Q3";-
" ";" ";" ";"2007Q4";-
" ";" ";" ";"2008Q1";-
" ";" ";" ";"2008Q2";-
" ";" ";" ";"2008Q3";-
" ";" ";" ";"2008Q4";-
" ";" ";" ";"2009Q1";-
" ";" ";" ";"2009Q2";-
" ";" ";" ";"2009Q3";-
" ";" ";" ";"2009Q4";-
" ";" ";" ";"2010Q1";-
" ";" ";" ";"2010Q2";-
" ";" ";" ";"2010Q3";-
" ";" ";" ";"2010Q4";-
" ";" ";" ";"2011Q1";-
" ";" ";" ";"2011Q2";-
" ";" ";" ";"2011Q3";-
" ";" ";" ";"2011Q4";-
" ";" ";" ";"2012Q1";-
" ";" ";" ";"2012Q2";-
" ";" ";" ";"2012Q3";-
" ";" ";" ";"2012Q4";-
" ";" ";" ";"2013Q1";-
" ";" ";" ";"2013Q2";-
" ";" ";" ";"2013Q3";-
" ";" ";" ";"2013Q4";-
" ";" ";" ";"2014Q1";-
" ";" ";" ";"2014Q2";-
" ";" ";" ";"2014Q3";-
" ";" ";" ";"2014Q4";-
" ";" ";" ";"2015Q1";-
" ";" ";" ";"2015Q2";-
" ";" ";" ";"2015Q3";-
" ";" ";" ";"2015Q4";-
" ";" ";" ";"2016Q1";-
" ";" ";" ";"2016Q2";-
" ";" ";" ";"2016Q3";-
" ";" ";" ";"2016Q4";-
" ";" ";"Prenoèitve (v 1000)"
" ";" ";" ";"2006Q1";-
" ";" ";" ";"2006Q2";-
" ";" ";" ";"2006Q3";-
" ";" ";" ";"2006Q4";-
" ";" ";" ";"2007Q1";-
" ";" ";" ";"2007Q2";-
" ";" ";" ";"2007Q3";-
" ";" ";" ";"2007Q4";-
" ";" ";" ";"2008Q1";-
" ";" ";" ";"2008Q2";-
" ";" ";" ";"2008Q3";-
" ";" ";" ";"2008Q4";-
" ";" ";" ";"2009Q1";-
" ";" ";" ";"2009Q2";-
" ";" ";" ";"2009Q3";-
" ";" ";" ";"2009Q4";-
" ";" ";" ";"2010Q1";-
" ";" ";" ";"2010Q2";-
" ";" ";" ";"2010Q3";-
" ";" ";" ";"2010Q4";-
" ";" ";" ";"2011Q1";-
" ";" ";" ";"2011Q2";-
" ";" ";" ";"2011Q3";-
" ";" ";" ";"2011Q4";-
" ";" ";" ";"2012Q1";-
" ";" ";" ";"2012Q2";-
" ";" ";" ";"2012Q3";-
" ";" ";" ";"2012Q4";-
" ";" ";" ";"2013Q1";-
" ";" ";" ";"2013Q2";-
" ";" ";" ";"2013Q3";-
" ";" ";" ";"2013Q4";-
" ";" ";" ";"2014Q1";-
" ";" ";" ";"2014Q2";-
" ";" ";" ";"2014Q3";-
" ";" ";" ";"2014Q4";-
" ";" ";" ";"2015Q1";-
" ";" ";" ";"2015Q2";-
" ";" ";" ";"2015Q3";-
" ";" ";" ";"2015Q4";-
" ";" ";" ";"2016Q1";-
" ";" ";" ";"2016Q2";-
" ";" ";" ";"2016Q3";-
" ";" ";" ";"2016Q4";-
" ";" ";"Povpreèno število prenoèitev"
" ";" ";" ";"2006Q1";-
" ";" ";" ";"2006Q2";-
" ";" ";" ";"2006Q3";-
" ";" ";" ";"2006Q4";-
" ";" ";" ";"2007Q1";-
" ";" ";" ";"2007Q2";-
" ";" ";" ";"2007Q3";-
" ";" ";" ";"2007Q4";-
" ";" ";" ";"2008Q1";-
" ";" ";" ";"2008Q2";-
" ";" ";" ";"2008Q3";-
" ";" ";" ";"2008Q4";-
" ";" ";" ";"2009Q1";-
" ";" ";" ";"2009Q2";-
" ";" ";" ";"2009Q3";-
" ";" ";" ";"2009Q4";-
" ";" ";" ";"2010Q1";-
" ";" ";" ";"2010Q2";-
" ";" ";" ";"2010Q3";-
" ";" ";" ";"2010Q4";-
" ";" ";" ";"2011Q1";-
" ";" ";" ";"2011Q2";-
" ";" ";" ";"2011Q3";-
" ";" ";" ";"2011Q4";-
" ";" ";" ";"2012Q1";-
" ";" ";" ";"2012Q2";-
" ";" ";" ";"2012Q3";-
" ";" ";" ";"2012Q4";-
" ";" ";" ";"2013Q1";-
" ";" ";" ";"2013Q2";-
" ";" ";" ";"2013Q3";-
" ";" ";" ";"2013Q4";-
" ";" ";" ";"2014Q1";-
" ";" ";" ";"2014Q2";-
" ";" ";" ";"2014Q3";-
" ";" ";" ";"2014Q4";-
" ";" ";" ";"2015Q1";-
" ";" ";" ";"2015Q2";-
" ";" ";" ";"2015Q3";-
" ";" ";" ";"2015Q4";-
" ";" ";" ";"2016Q1";-
" ";" ";" ";"2016Q2";-
" ";" ";" ";"2016Q3";-
" ";" ";" ";"2016Q4";-
" ";" ";"Povpreèni izdatki na turista na prenoèitev (EUR)"
" ";" ";" ";"2006Q1";-
" ";" ";" ";"2006Q2";-
" ";" ";" ";"2006Q3";-
" ";" ";" ";"2006Q4";-
" ";" ";" ";"2007Q1";-
" ";" ";" ";"2007Q2";-
" ";" ";" ";"2007Q3";-
" ";" ";" ";"2007Q4";-
" ";" ";" ";"2008Q1";-
" ";" ";" ";"2008Q2";-
" ";" ";" ";"2008Q3";-
" ";" ";" ";"2008Q4";-
" ";" ";" ";"2009Q1";-
" ";" ";" ";"2009Q2";-
" ";" ";" ";"2009Q3";-
" ";" ";" ";"2009Q4";-
" ";" ";" ";"2010Q1";-
" ";" ";" ";"2010Q2";-
" ";" ";" ";"2010Q3";-
" ";" ";" ";"2010Q4";-
" ";" ";" ";"2011Q1";-
" ";" ";" ";"2011Q2";-
" ";" ";" ";"2011Q3";-
" ";" ";" ";"2011Q4";-
" ";" ";" ";"2012Q1";-
" ";" ";" ";"2012Q2";-
" ";" ";" ";"2012Q3";-
" ";" ";" ";"2012Q4";-
" ";" ";" ";"2013Q1";-
" ";" ";" ";"2013Q2";-
" ";" ";" ";"2013Q3";-
" ";" ";" ";"2013Q4";-
" ";" ";" ";"2014Q1";-
" ";" ";" ";"2014Q2";-
" ";" ";" ";"2014Q3";-
" ";" ";" ";"2014Q4";-
" ";" ";" ";"2015Q1";-
" ";" ";" ";"2015Q2";-
" ";" ";" ";"2015Q3";-
" ";" ";" ";"2015Q4";-
" ";" ";" ";"2016Q1";-
" ";" ";" ";"2016Q2";-
" ";" ";" ";"2016Q3";-
" ";" ";" ";"2016Q4";-
" ";"Drugo"
" ";" ";"Potovanja (v 1000)"
" ";" ";" ";"2006Q1";23M
" ";" ";" ";"2006Q2";39M
" ";" ";" ";"2006Q3";23M
" ";" ";" ";"2006Q4";17M
" ";" ";" ";"2007Q1";N
" ";" ";" ";"2007Q2";14M
" ";" ";" ";"2007Q3";42M
" ";" ";" ";"2007Q4";9M
" ";" ";" ";"2008Q1";N
" ";" ";" ";"2008Q2";18M
" ";" ";" ";"2008Q3";16M
" ";" ";" ";"2008Q4";17M
" ";" ";" ";"2009Q1";N
" ";" ";" ";"2009Q2";37M
" ";" ";" ";"2009Q3";N
" ";" ";" ";"2009Q4";14M
" ";" ";" ";"2010Q1";N
" ";" ";" ";"2010Q2";N
" ";" ";" ";"2010Q3";15M
" ";" ";" ";"2010Q4";18M
" ";" ";" ";"2011Q1";N
" ";" ";" ";"2011Q2";14M
" ";" ";" ";"2011Q3";27M
" ";" ";" ";"2011Q4";18M
" ";" ";" ";"2012Q1";N
" ";" ";" ";"2012Q2";N
" ";" ";" ";"2012Q3";N
" ";" ";" ";"2012Q4";24M
" ";" ";" ";"2013Q1";N
" ";" ";" ";"2013Q2";N
" ";" ";" ";"2013Q3";N
" ";" ";" ";"2013Q4";N
" ";" ";" ";"2014Q1";N
" ";" ";" ";"2014Q2";N
" ";" ";" ";"2014Q3";N
" ";" ";" ";"2014Q4";N
" ";" ";" ";"2015Q1";N
" ";" ";" ";"2015Q2";N
" ";" ";" ";"2015Q3";N
" ";" ";" ";"2015Q4";N
" ";" ";" ";"2016Q1";N
" ";" ";" ";"2016Q2";N
" ";" ";" ";"2016Q3";N
" ";" ";" ";"2016Q4";N
" ";" ";"Prenoèitve (v 1000)"
" ";" ";" ";"2006Q1";56M
" ";" ";" ";"2006Q2";112M
" ";" ";" ";"2006Q3";86M
" ";" ";" ";"2006Q4";51M
" ";" ";" ";"2007Q1";N
" ";" ";" ";"2007Q2";37M
" ";" ";" ";"2007Q3";117M
" ";" ";" ";"2007Q4";17M
" ";" ";" ";"2008Q1";N
" ";" ";" ";"2008Q2";43M
" ";" ";" ";"2008Q3";54M
" ";" ";" ";"2008Q4";45M
" ";" ";" ";"2009Q1";N
" ";" ";" ";"2009Q2";92M
" ";" ";" ";"2009Q3";N
" ";" ";" ";"2009Q4";42M
" ";" ";" ";"2010Q1";N
" ";" ";" ";"2010Q2";N
" ";" ";" ";"2010Q3";27M
" ";" ";" ";"2010Q4";38M
" ";" ";" ";"2011Q1";N
" ";" ";" ";"2011Q2";63M
" ";" ";" ";"2011Q3";129M
" ";" ";" ";"2011Q4";34M
" ";" ";" ";"2012Q1";N
" ";" ";" ";"2012Q2";N
" ";" ";" ";"2012Q3";N
" ";" ";" ";"2012Q4";51M
" ";" ";" ";"2013Q1";N
" ";" ";" ";"2013Q2";N
" ";" ";" ";"2013Q3";N
" ";" ";" ";"2013Q4";N
" ";" ";" ";"2014Q1";N
" ";" ";" ";"2014Q2";N
" ";" ";" ";"2014Q3";N
" ";" ";" ";"2014Q4";N
" ";" ";" ";"2015Q1";N
" ";" ";" ";"2015Q2";N
" ";" ";" ";"2015Q3";N
" ";" ";" ";"2015Q4";N
" ";" ";" ";"2016Q1";N
" ";" ";" ";"2016Q2";N
" ";" ";" ";"2016Q3";N
" ";" ";" ";"2016Q4";N
" ";" ";"Povpreèno število prenoèitev"
" ";" ";" ";"2006Q1";2.5M
" ";" ";" ";"2006Q2";2.9M
" ";" ";" ";"2006Q3";3.7M
" ";" ";" ";"2006Q4";3.1M
" ";" ";" ";"2007Q1";N
" ";" ";" ";"2007Q2";2.7M
" ";" ";" ";"2007Q3";2.8M
" ";" ";" ";"2007Q4";2.0M
" ";" ";" ";"2008Q1";N
" ";" ";" ";"2008Q2";2.4M
" ";" ";" ";"2008Q3";3.4M
" ";" ";" ";"2008Q4";2.6M
" ";" ";" ";"2009Q1";N
" ";" ";" ";"2009Q2";2.5M
" ";" ";" ";"2009Q3";N
" ";" ";" ";"2009Q4";2.9M
" ";" ";" ";"2010Q1";N
" ";" ";" ";"2010Q2";N
" ";" ";" ";"2010Q3";1.8M
" ";" ";" ";"2010Q4";2.2M
" ";" ";" ";"2011Q1";N
" ";" ";" ";"2011Q2";4.4M
" ";" ";" ";"2011Q3";4.8M
" ";" ";" ";"2011Q4";2.0M
" ";" ";" ";"2012Q1";N
" ";" ";" ";"2012Q2";N
" ";" ";" ";"2012Q3";N
" ";" ";" ";"2012Q4";2.2M
" ";" ";" ";"2013Q1";N
" ";" ";" ";"2013Q2";N
" ";" ";" ";"2013Q3";N
" ";" ";" ";"2013Q4";N
" ";" ";" ";"2014Q1";N
" ";" ";" ";"2014Q2";N
" ";" ";" ";"2014Q3";N
" ";" ";" ";"2014Q4";N
" ";" ";" ";"2015Q1";N
" ";" ";" ";"2015Q2";N
" ";" ";" ";"2015Q3";N
" ";" ";" ";"2015Q4";N
" ";" ";" ";"2016Q1";N
" ";" ";" ";"2016Q2";N
" ";" ";" ";"2016Q3";N
" ";" ";" ";"2016Q4";N
" ";" ";"Povpreèni izdatki na turista na prenoèitev (EUR)"
" ";" ";" ";"2006Q1";24.23M
" ";" ";" ";"2006Q2";10.02M
" ";" ";" ";"2006Q3";16.29M
" ";" ";" ";"2006Q4";31.62M
" ";" ";" ";"2007Q1";N
" ";" ";" ";"2007Q2";21.77M
" ";" ";" ";"2007Q3";35.29M
" ";" ";" ";"2007Q4";22.19M
" ";" ";" ";"2008Q1";N
" ";" ";" ";"2008Q2";36.96M
" ";" ";" ";"2008Q3";28.44M
" ";" ";" ";"2008Q4";19.72M
" ";" ";" ";"2009Q1";N
" ";" ";" ";"2009Q2";30.03M
" ";" ";" ";"2009Q3";N
" ";" ";" ";"2009Q4";30.16M
" ";" ";" ";"2010Q1";N
" ";" ";" ";"2010Q2";N
" ";" ";" ";"2010Q3";18.44M
" ";" ";" ";"2010Q4";25.19M
" ";" ";" ";"2011Q1";N
" ";" ";" ";"2011Q2";27.66M
" ";" ";" ";"2011Q3";41.19M
" ";" ";" ";"2011Q4";17.47M
" ";" ";" ";"2012Q1";N
" ";" ";" ";"2012Q2";N
" ";" ";" ";"2012Q3";N
" ";" ";" ";"2012Q4";26.93M
" ";" ";" ";"2013Q1";N
" ";" ";" ";"2013Q2";N
" ";" ";" ";"2013Q3";N
" ";" ";" ";"2013Q4";N
" ";" ";" ";"2014Q1";N
" ";" ";" ";"2014Q2";N
" ";" ";" ";"2014Q3";N
" ";" ";" ";"2014Q4";N
" ";" ";" ";"2015Q1";N
" ";" ";" ";"2015Q2";N
" ";" ";" ";"2015Q3";N
" ";" ";" ";"2015Q4";N
" ";" ";" ";"2016Q1";N
" ";" ";" ";"2016Q2";N
" ";" ";" ";"2016Q3";N
" ";" ";" ";"2016Q4";N
"Tujina"
" ";"Osebno cestno motorno vozilo"
" ";" ";"Potovanja (v 1000)"
" ";" ";" ";"2006Q1";193
" ";" ";" ";"2006Q2";394
" ";" ";" ";"2006Q3";994
" ";" ";" ";"2006Q4";189
" ";" ";" ";"2007Q1";160
" ";" ";" ";"2007Q2";241
" ";" ";" ";"2007Q3";933
" ";" ";" ";"2007Q4";169
" ";" ";" ";"2008Q1";192
" ";" ";" ";"2008Q2";295
" ";" ";" ";"2008Q3";806
" ";" ";" ";"2008Q4";203
" ";" ";" ";"2009Q1";194
" ";" ";" ";"2009Q2";326
" ";" ";" ";"2009Q3";938
" ";" ";" ";"2009Q4";170
" ";" ";" ";"2010Q1";216
" ";" ";" ";"2010Q2";515
" ";" ";" ";"2010Q3";1064
" ";" ";" ";"2010Q4";142
" ";" ";" ";"2011Q1";157
" ";" ";" ";"2011Q2";443
" ";" ";" ";"2011Q3";1091
" ";" ";" ";"2011Q4";214
" ";" ";" ";"2012Q1";102M
" ";" ";" ";"2012Q2";409
" ";" ";" ";"2012Q3";973
" ";" ";" ";"2012Q4";166
" ";" ";" ";"2013Q1";242
" ";" ";" ";"2013Q2";396
" ";" ";" ";"2013Q3";1056
" ";" ";" ";"2013Q4";196
" ";" ";" ";"2014Q1";194
" ";" ";" ";"2014Q2";431
" ";" ";" ";"2014Q3";1000
" ";" ";" ";"2014Q4";206
" ";" ";" ";"2015Q1";171
" ";" ";" ";"2015Q2";457
" ";" ";" ";"2015Q3";1153
" ";" ";" ";"2015Q4";174
" ";" ";" ";"2016Q1";192
" ";" ";" ";"2016Q2";435
" ";" ";" ";"2016Q3";1155
" ";" ";" ";"2016Q4";201
" ";" ";"Prenoèitve (v 1000)"
" ";" ";" ";"2006Q1";646
" ";" ";" ";"2006Q2";1384
" ";" ";" ";"2006Q3";7451
" ";" ";" ";"2006Q4";713
" ";" ";" ";"2007Q1";519
" ";" ";" ";"2007Q2";946
" ";" ";" ";"2007Q3";6785
" ";" ";" ";"2007Q4";600
" ";" ";" ";"2008Q1";642
" ";" ";" ";"2008Q2";1299
" ";" ";" ";"2008Q3";6268
" ";" ";" ";"2008Q4";721
" ";" ";" ";"2009Q1";855
" ";" ";" ";"2009Q2";1310
" ";" ";" ";"2009Q3";6670
" ";" ";" ";"2009Q4";586
" ";" ";" ";"2010Q1";702
" ";" ";" ";"2010Q2";1664
" ";" ";" ";"2010Q3";7613
" ";" ";" ";"2010Q4";455
" ";" ";" ";"2011Q1";559
" ";" ";" ";"2011Q2";1697
" ";" ";" ";"2011Q3";7961
" ";" ";" ";"2011Q4";771
" ";" ";" ";"2012Q1";494M
" ";" ";" ";"2012Q2";1472
" ";" ";" ";"2012Q3";6716
" ";" ";" ";"2012Q4";561
" ";" ";" ";"2013Q1";722
" ";" ";" ";"2013Q2";1602
" ";" ";" ";"2013Q3";6869
" ";" ";" ";"2013Q4";711
" ";" ";" ";"2014Q1";698
" ";" ";" ";"2014Q2";1610
" ";" ";" ";"2014Q3";6433
" ";" ";" ";"2014Q4";667
" ";" ";" ";"2015Q1";751
" ";" ";" ";"2015Q2";1772
" ";" ";" ";"2015Q3";8219
" ";" ";" ";"2015Q4";638
" ";" ";" ";"2016Q1";648
" ";" ";" ";"2016Q2";1600
" ";" ";" ";"2016Q3";8278
" ";" ";" ";"2016Q4";798
" ";" ";"Povpreèno število prenoèitev"
" ";" ";" ";"2006Q1";3.3
" ";" ";" ";"2006Q2";3.5
" ";" ";" ";"2006Q3";7.5
" ";" ";" ";"2006Q4";3.8
" ";" ";" ";"2007Q1";3.2
" ";" ";" ";"2007Q2";3.9
" ";" ";" ";"2007Q3";7.3
" ";" ";" ";"2007Q4";3.5
" ";" ";" ";"2008Q1";3.3
" ";" ";" ";"2008Q2";4.4
" ";" ";" ";"2008Q3";7.8
" ";" ";" ";"2008Q4";3.6
" ";" ";" ";"2009Q1";4.4
" ";" ";" ";"2009Q2";4.0
" ";" ";" ";"2009Q3";7.1
" ";" ";" ";"2009Q4";3.5
" ";" ";" ";"2010Q1";3.3
" ";" ";" ";"2010Q2";3.2
" ";" ";" ";"2010Q3";7.2
" ";" ";" ";"2010Q4";3.2
" ";" ";" ";"2011Q1";3.6
" ";" ";" ";"2011Q2";3.8
" ";" ";" ";"2011Q3";7.3
" ";" ";" ";"2011Q4";3.6
" ";" ";" ";"2012Q1";4.8M
" ";" ";" ";"2012Q2";3.6
" ";" ";" ";"2012Q3";6.9
" ";" ";" ";"2012Q4";3.4
" ";" ";" ";"2013Q1";3.0
" ";" ";" ";"2013Q2";4.0
" ";" ";" ";"2013Q3";6.5
" ";" ";" ";"2013Q4";3.6
" ";" ";" ";"2014Q1";3.6
" ";" ";" ";"2014Q2";3.7
" ";" ";" ";"2014Q3";6.4
" ";" ";" ";"2014Q4";3.2
" ";" ";" ";"2015Q1";4.4
" ";" ";" ";"2015Q2";3.9
" ";" ";" ";"2015Q3";7.1
" ";" ";" ";"2015Q4";3.7
" ";" ";" ";"2016Q1";3.4
" ";" ";" ";"2016Q2";3.7
" ";" ";" ";"2016Q3";7.2
" ";" ";" ";"2016Q4";4.0
" ";" ";"Povpreèni izdatki na turista na prenoèitev (EUR)"
" ";" ";" ";"2006Q1";50.93
" ";" ";" ";"2006Q2";32.42
" ";" ";" ";"2006Q3";25.99
" ";" ";" ";"2006Q4";38.52
" ";" ";" ";"2007Q1";59.23
" ";" ";" ";"2007Q2";40.86
" ";" ";" ";"2007Q3";34.70
" ";" ";" ";"2007Q4";46.61
" ";" ";" ";"2008Q1";58.47
" ";" ";" ";"2008Q2";41.62
" ";" ";" ";"2008Q3";32.34
" ";" ";" ";"2008Q4";57.26
" ";" ";" ";"2009Q1";57.57
" ";" ";" ";"2009Q2";44.78
" ";" ";" ";"2009Q3";36.51
" ";" ";" ";"2009Q4";50.75
" ";" ";" ";"2010Q1";61.61
" ";" ";" ";"2010Q2";42.99
" ";" ";" ";"2010Q3";33.75
" ";" ";" ";"2010Q4";63.24
" ";" ";" ";"2011Q1";57.47
" ";" ";" ";"2011Q2";41.99
" ";" ";" ";"2011Q3";34.99
" ";" ";" ";"2011Q4";46.86
" ";" ";" ";"2012Q1";53.20
" ";" ";" ";"2012Q2";46.60
" ";" ";" ";"2012Q3";35.33
" ";" ";" ";"2012Q4";47.04
" ";" ";" ";"2013Q1";53.85
" ";" ";" ";"2013Q2";37.25
" ";" ";" ";"2013Q3";33.85
" ";" ";" ";"2013Q4";46.18
" ";" ";" ";"2014Q1";58.45
" ";" ";" ";"2014Q2";36.35
" ";" ";" ";"2014Q3";33.02
" ";" ";" ";"2014Q4";41.18
" ";" ";" ";"2015Q1";53.73
" ";" ";" ";"2015Q2";39.39
" ";" ";" ";"2015Q3";30.57
" ";" ";" ";"2015Q4";53.54
" ";" ";" ";"2016Q1";54.86
" ";" ";" ";"2016Q2";42.72
" ";" ";" ";"2016Q3";32.89
" ";" ";" ";"2016Q4";41.54
" ";"Avtobus"
" ";" ";"Potovanja (v 1000)"
" ";" ";" ";"2006Q1";20M
" ";" ";" ";"2006Q2";44M
" ";" ";" ";"2006Q3";73
" ";" ";" ";"2006Q4";47
" ";" ";" ";"2007Q1";36M
" ";" ";" ";"2007Q2";62M
" ";" ";" ";"2007Q3";67M
" ";" ";" ";"2007Q4";58
" ";" ";" ";"2008Q1";33M
" ";" ";" ";"2008Q2";53M
" ";" ";" ";"2008Q3";51M
" ";" ";" ";"2008Q4";41
" ";" ";" ";"2009Q1";22M
" ";" ";" ";"2009Q2";59M
" ";" ";" ";"2009Q3";83
" ";" ";" ";"2009Q4";36M
" ";" ";" ";"2010Q1";29M
" ";" ";" ";"2010Q2";42M
" ";" ";" ";"2010Q3";54M
" ";" ";" ";"2010Q4";41
" ";" ";" ";"2011Q1";12M
" ";" ";" ";"2011Q2";48M
" ";" ";" ";"2011Q3";48M
" ";" ";" ";"2011Q4";40
" ";" ";" ";"2012Q1";N
" ";" ";" ";"2012Q2";58M
" ";" ";" ";"2012Q3";48M
" ";" ";" ";"2012Q4";29M
" ";" ";" ";"2013Q1";24M
" ";" ";" ";"2013Q2";72M
" ";" ";" ";"2013Q3";53M
" ";" ";" ";"2013Q4";21M
" ";" ";" ";"2014Q1";N
" ";" ";" ";"2014Q2";65M
" ";" ";" ";"2014Q3";51M
" ";" ";" ";"2014Q4";35M
" ";" ";" ";"2015Q1";31M
" ";" ";" ";"2015Q2";58M
" ";" ";" ";"2015Q3";60M
" ";" ";" ";"2015Q4";24M
" ";" ";" ";"2016Q1";N
" ";" ";" ";"2016Q2";61M
" ";" ";" ";"2016Q3";52M
" ";" ";" ";"2016Q4";31M
" ";" ";"Prenoèitve (v 1000)"
" ";" ";" ";"2006Q1";91M
" ";" ";" ";"2006Q2";202M
" ";" ";" ";"2006Q3";396
" ";" ";" ";"2006Q4";140
" ";" ";" ";"2007Q1";113M
" ";" ";" ";"2007Q2";262M
" ";" ";" ";"2007Q3";385M
" ";" ";" ";"2007Q4";189
" ";" ";" ";"2008Q1";208M
" ";" ";" ";"2008Q2";201M
" ";" ";" ";"2008Q3";271M
" ";" ";" ";"2008Q4";117
" ";" ";" ";"2009Q1";70M
" ";" ";" ";"2009Q2";224M
" ";" ";" ";"2009Q3";442
" ";" ";" ";"2009Q4";91M
" ";" ";" ";"2010Q1";133M
" ";" ";" ";"2010Q2";135M
" ";" ";" ";"2010Q3";262M
" ";" ";" ";"2010Q4";118
" ";" ";" ";"2011Q1";35M
" ";" ";" ";"2011Q2";140M
" ";" ";" ";"2011Q3";241M
" ";" ";" ";"2011Q4";104
" ";" ";" ";"2012Q1";N
" ";" ";" ";"2012Q2";176M
" ";" ";" ";"2012Q3";209M
" ";" ";" ";"2012Q4";90M
" ";" ";" ";"2013Q1";76M
" ";" ";" ";"2013Q2";253M
" ";" ";" ";"2013Q3";265M
" ";" ";" ";"2013Q4";56M
" ";" ";" ";"2014Q1";N
" ";" ";" ";"2014Q2";204M
" ";" ";" ";"2014Q3";255M
" ";" ";" ";"2014Q4";106M
" ";" ";" ";"2015Q1";93M
" ";" ";" ";"2015Q2";146M
" ";" ";" ";"2015Q3";378M
" ";" ";" ";"2015Q4";76M
" ";" ";" ";"2016Q1";N
" ";" ";" ";"2016Q2";185M
" ";" ";" ";"2016Q3";339M
" ";" ";" ";"2016Q4";87M
" ";" ";"Povpreèno število prenoèitev"
" ";" ";" ";"2006Q1";4.5M
" ";" ";" ";"2006Q2";4.6M
" ";" ";" ";"2006Q3";5.5
" ";" ";" ";"2006Q4";3.0
" ";" ";" ";"2007Q1";3.2M
" ";" ";" ";"2007Q2";4.3M
" ";" ";" ";"2007Q3";5.7M
" ";" ";" ";"2007Q4";3.3
" ";" ";" ";"2008Q1";6.2M
" ";" ";" ";"2008Q2";3.8M
" ";" ";" ";"2008Q3";5.4M
" ";" ";" ";"2008Q4";2.8
" ";" ";" ";"2009Q1";3.3M
" ";" ";" ";"2009Q2";3.8M
" ";" ";" ";"2009Q3";5.3
" ";" ";" ";"2009Q4";2.5M
" ";" ";" ";"2010Q1";4.6M
" ";" ";" ";"2010Q2";3.2M
" ";" ";" ";"2010Q3";4.9M
" ";" ";" ";"2010Q4";2.9
" ";" ";" ";"2011Q1";3.0M
" ";" ";" ";"2011Q2";2.9M
" ";" ";" ";"2011Q3";5.0M
" ";" ";" ";"2011Q4";2.6
" ";" ";" ";"2012Q1";N
" ";" ";" ";"2012Q2";3.0M
" ";" ";" ";"2012Q3";4.4M
" ";" ";" ";"2012Q4";3.1M
" ";" ";" ";"2013Q1";3.2M
" ";" ";" ";"2013Q2";3.5M
" ";" ";" ";"2013Q3";5.0M
" ";" ";" ";"2013Q4";2.7M
" ";" ";" ";"2014Q1";N
" ";" ";" ";"2014Q2";3.1M
" ";" ";" ";"2014Q3";5.0M
" ";" ";" ";"2014Q4";3.0M
" ";" ";" ";"2015Q1";3.1M
" ";" ";" ";"2015Q2";2.5M
" ";" ";" ";"2015Q3";6.3M
" ";" ";" ";"2015Q4";3.2M
" ";" ";" ";"2016Q1";N
" ";" ";" ";"2016Q2";3.1M
" ";" ";" ";"2016Q3";6.6M
" ";" ";" ";"2016Q4";2.8M
" ";" ";"Povpreèni izdatki na turista na prenoèitev (EUR)"
" ";" ";" ";"2006Q1";56.50M
" ";" ";" ";"2006Q2";57.61M
" ";" ";" ";"2006Q3";43.33
" ";" ";" ";"2006Q4";70.68
" ";" ";" ";"2007Q1";83.35M
" ";" ";" ";"2007Q2";71.16M
" ";" ";" ";"2007Q3";53.10M
" ";" ";" ";"2007Q4";88.18
" ";" ";" ";"2008Q1";43.75M
" ";" ";" ";"2008Q2";81.07M
" ";" ";" ";"2008Q3";74.58M
" ";" ";" ";"2008Q4";89.26
" ";" ";" ";"2009Q1";112.05M
" ";" ";" ";"2009Q2";95.41M
" ";" ";" ";"2009Q3";56.86
" ";" ";" ";"2009Q4";115.06M
" ";" ";" ";"2010Q1";70.11M
" ";" ";" ";"2010Q2";88.34M
" ";" ";" ";"2010Q3";82.69M
" ";" ";" ";"2010Q4";96.64
" ";" ";" ";"2011Q1";86.67M
" ";" ";" ";"2011Q2";105.47M
" ";" ";" ";"2011Q3";72.09M
" ";" ";" ";"2011Q4";96.92
" ";" ";" ";"2012Q1";N
" ";" ";" ";"2012Q2";86.01
" ";" ";" ";"2012Q3";77.83M
" ";" ";" ";"2012Q4";84.53
" ";" ";" ";"2013Q1";82.53M
" ";" ";" ";"2013Q2";92.87
" ";" ";" ";"2013Q3";60.60M
" ";" ";" ";"2013Q4";96.43M
" ";" ";" ";"2014Q1";N
" ";" ";" ";"2014Q2";102.72
" ";" ";" ";"2014Q3";80.76
" ";" ";" ";"2014Q4";93.37
" ";" ";" ";"2015Q1";86.04M
" ";" ";" ";"2015Q2";98.79M
" ";" ";" ";"2015Q3";69.68
" ";" ";" ";"2015Q4";73.00M
" ";" ";" ";"2016Q1";N
" ";" ";" ";"2016Q2";87.21
" ";" ";" ";"2016Q3";59.69M
" ";" ";" ";"2016Q4";109.62M
" ";"Letalo"
" ";" ";"Potovanja (v 1000)"
" ";" ";" ";"2006Q1";21M
" ";" ";" ";"2006Q2";33M
" ";" ";" ";"2006Q3";90
" ";" ";" ";"2006Q4";30M
" ";" ";" ";"2007Q1";30M
" ";" ";" ";"2007Q2";43M
" ";" ";" ";"2007Q3";117
" ";" ";" ";"2007Q4";34M
" ";" ";" ";"2008Q1";29M
" ";" ";" ";"2008Q2";36M
" ";" ";" ";"2008Q3";93
" ";" ";" ";"2008Q4";35M
" ";" ";" ";"2009Q1";26M
" ";" ";" ";"2009Q2";46M
" ";" ";" ";"2009Q3";106
" ";" ";" ";"2009Q4";32M
" ";" ";" ";"2010Q1";22M
" ";" ";" ";"2010Q2";54M
" ";" ";" ";"2010Q3";96
" ";" ";" ";"2010Q4";35M
" ";" ";" ";"2011Q1";33M
" ";" ";" ";"2011Q2";41M
" ";" ";" ";"2011Q3";128
" ";" ";" ";"2011Q4";46
" ";" ";" ";"2012Q1";32M
" ";" ";" ";"2012Q2";41M
" ";" ";" ";"2012Q3";87M
" ";" ";" ";"2012Q4";42M
" ";" ";" ";"2013Q1";26M
" ";" ";" ";"2013Q2";46M
" ";" ";" ";"2013Q3";85M
" ";" ";" ";"2013Q4";34M
" ";" ";" ";"2014Q1";32M
" ";" ";" ";"2014Q2";66M
" ";" ";" ";"2014Q3";67M
" ";" ";" ";"2014Q4";41M
" ";" ";" ";"2015Q1";32M
" ";" ";" ";"2015Q2";75M
" ";" ";" ";"2015Q3";81M
" ";" ";" ";"2015Q4";56M
" ";" ";" ";"2016Q1";36M
" ";" ";" ";"2016Q2";60M
" ";" ";" ";"2016Q3";81M
" ";" ";" ";"2016Q4";68M
" ";" ";"Prenoèitve (v 1000)"
" ";" ";" ";"2006Q1";211M
" ";" ";" ";"2006Q2";233M
" ";" ";" ";"2006Q3";960
" ";" ";" ";"2006Q4";283M
" ";" ";" ";"2007Q1";259M
" ";" ";" ";"2007Q2";252M
" ";" ";" ";"2007Q3";1246
" ";" ";" ";"2007Q4";263M
" ";" ";" ";"2008Q1";226M
" ";" ";" ";"2008Q2";367M
" ";" ";" ";"2008Q3";712
" ";" ";" ";"2008Q4";325M
" ";" ";" ";"2009Q1";401M
" ";" ";" ";"2009Q2";308M
" ";" ";" ";"2009Q3";1061
" ";" ";" ";"2009Q4";320M
" ";" ";" ";"2010Q1";228M
" ";" ";" ";"2010Q2";412M
" ";" ";" ";"2010Q3";979
" ";" ";" ";"2010Q4";307M
" ";" ";" ";"2011Q1";263M
" ";" ";" ";"2011Q2";260M
" ";" ";" ";"2011Q3";1160
" ";" ";" ";"2011Q4";314
" ";" ";" ";"2012Q1";343M
" ";" ";" ";"2012Q2";257M
" ";" ";" ";"2012Q3";758M
" ";" ";" ";"2012Q4";325M
" ";" ";" ";"2013Q1";303M
" ";" ";" ";"2013Q2";289M
" ";" ";" ";"2013Q3";663M
" ";" ";" ";"2013Q4";294M
" ";" ";" ";"2014Q1";318M
" ";" ";" ";"2014Q2";555M
" ";" ";" ";"2014Q3";756M
" ";" ";" ";"2014Q4";319M
" ";" ";" ";"2015Q1";260M
" ";" ";" ";"2015Q2";521M
" ";" ";" ";"2015Q3";771M
" ";" ";" ";"2015Q4";419M
" ";" ";" ";"2016Q1";517M
" ";" ";" ";"2016Q2";660M
" ";" ";" ";"2016Q3";860M
" ";" ";" ";"2016Q4";560M
" ";" ";"Povpreèno število prenoèitev"
" ";" ";" ";"2006Q1";9.8M
" ";" ";" ";"2006Q2";7.0M
" ";" ";" ";"2006Q3";10.7
" ";" ";" ";"2006Q4";9.5M
" ";" ";" ";"2007Q1";8.6M
" ";" ";" ";"2007Q2";5.9M
" ";" ";" ";"2007Q3";10.6
" ";" ";" ";"2007Q4";7.8M
" ";" ";" ";"2008Q1";7.8M
" ";" ";" ";"2008Q2";10.2M
" ";" ";" ";"2008Q3";7.7
" ";" ";" ";"2008Q4";9.3M
" ";" ";" ";"2009Q1";15.7M
" ";" ";" ";"2009Q2";6.8M
" ";" ";" ";"2009Q3";10.0
" ";" ";" ";"2009Q4";9.9M
" ";" ";" ";"2010Q1";10.4M
" ";" ";" ";"2010Q2";7.6M
" ";" ";" ";"2010Q3";10.2
" ";" ";" ";"2010Q4";8.7M
" ";" ";" ";"2011Q1";8.1M
" ";" ";" ";"2011Q2";6.3M
" ";" ";" ";"2011Q3";9.0
" ";" ";" ";"2011Q4";6.9
" ";" ";" ";"2012Q1";10.8M
" ";" ";" ";"2012Q2";6.3M
" ";" ";" ";"2012Q3";8.7M
" ";" ";" ";"2012Q4";7.7M
" ";" ";" ";"2013Q1";11.5M
" ";" ";" ";"2013Q2";6.3M
" ";" ";" ";"2013Q3";7.8M
" ";" ";" ";"2013Q4";8.6M
" ";" ";" ";"2014Q1";9.9M
" ";" ";" ";"2014Q2";8.5M
" ";" ";" ";"2014Q3";11.3M
" ";" ";" ";"2014Q4";7.8M
" ";" ";" ";"2015Q1";8.1M
" ";" ";" ";"2015Q2";7.0M
" ";" ";" ";"2015Q3";9.6M
" ";" ";" ";"2015Q4";7.5M
" ";" ";" ";"2016Q1";14.3M
" ";" ";" ";"2016Q2";11.0M
" ";" ";" ";"2016Q3";10.6M
" ";" ";" ";"2016Q4";8.3M
" ";" ";"Povpreèni izdatki na turista na prenoèitev (EUR)"
" ";" ";" ";"2006Q1";105.69M
" ";" ";" ";"2006Q2";121.83M
" ";" ";" ";"2006Q3";75.05
" ";" ";" ";"2006Q4";83.76M
" ";" ";" ";"2007Q1";99.16M
" ";" ";" ";"2007Q2";94.36M
" ";" ";" ";"2007Q3";69.45
" ";" ";" ";"2007Q4";104.63M
" ";" ";" ";"2008Q1";117.58M
" ";" ";" ";"2008Q2";76.07M
" ";" ";" ";"2008Q3";101.93
" ";" ";" ";"2008Q4";123.72M
" ";" ";" ";"2009Q1";77.92M
" ";" ";" ";"2009Q2";120.46M
" ";" ";" ";"2009Q3";114.06
" ";" ";" ";"2009Q4";108.38M
" ";" ";" ";"2010Q1";124.43M
" ";" ";" ";"2010Q2";98.46M
" ";" ";" ";"2010Q3";93.50
" ";" ";" ";"2010Q4";115.32M
" ";" ";" ";"2011Q1";116.07M
" ";" ";" ";"2011Q2";134.47M
" ";" ";" ";"2011Q3";90.97
" ";" ";" ";"2011Q4";113.88
" ";" ";" ";"2012Q1";82.27M
" ";" ";" ";"2012Q2";110.64M
" ";" ";" ";"2012Q3";94.53
" ";" ";" ";"2012Q4";94.26
" ";" ";" ";"2013Q1";94.43M
" ";" ";" ";"2013Q2";114.64M
" ";" ";" ";"2013Q3";100.43
" ";" ";" ";"2013Q4";124.72
" ";" ";" ";"2014Q1";97.09M
" ";" ";" ";"2014Q2";103.41
" ";" ";" ";"2014Q3";86.56
" ";" ";" ";"2014Q4";88.54
" ";" ";" ";"2015Q1";79.49M
" ";" ";" ";"2015Q2";108.84M
" ";" ";" ";"2015Q3";99.97
" ";" ";" ";"2015Q4";98.45
" ";" ";" ";"2016Q1";74.91M
" ";" ";" ";"2016Q2";84.14M
" ";" ";" ";"2016Q3";69.59
" ";" ";" ";"2016Q4";103.25
" ";"Drugo"
" ";" ";"Potovanja (v 1000)"
" ";" ";" ";"2006Q1";N
" ";" ";" ";"2006Q2";11M
" ";" ";" ";"2006Q3";33M
" ";" ";" ";"2006Q4";16M
" ";" ";" ";"2007Q1";N
" ";" ";" ";"2007Q2";N
" ";" ";" ";"2007Q3";42M
" ";" ";" ";"2007Q4";13M
" ";" ";" ";"2008Q1";N
" ";" ";" ";"2008Q2";14M
" ";" ";" ";"2008Q3";27M
" ";" ";" ";"2008Q4";21M
" ";" ";" ";"2009Q1";N
" ";" ";" ";"2009Q2";12M
" ";" ";" ";"2009Q3";36M
" ";" ";" ";"2009Q4";10M
" ";" ";" ";"2010Q1";N
" ";" ";" ";"2010Q2";21M
" ";" ";" ";"2010Q3";19M
" ";" ";" ";"2010Q4";12M
" ";" ";" ";"2011Q1";N
" ";" ";" ";"2011Q2";N
" ";" ";" ";"2011Q3";33M
" ";" ";" ";"2011Q4";11M
" ";" ";" ";"2012Q1";N
" ";" ";" ";"2012Q2";N
" ";" ";" ";"2012Q3";40M
" ";" ";" ";"2012Q4";N
" ";" ";" ";"2013Q1";N
" ";" ";" ";"2013Q2";N
" ";" ";" ";"2013Q3";N
" ";" ";" ";"2013Q4";N
" ";" ";" ";"2014Q1";N
" ";" ";" ";"2014Q2";N
" ";" ";" ";"2014Q3";26M
" ";" ";" ";"2014Q4";N
" ";" ";" ";"2015Q1";N
" ";" ";" ";"2015Q2";N
" ";" ";" ";"2015Q3";N
" ";" ";" ";"2015Q4";N
" ";" ";" ";"2016Q1";N
" ";" ";" ";"2016Q2";N
" ";" ";" ";"2016Q3";N
" ";" ";" ";"2016Q4";N
" ";" ";"Prenoèitve (v 1000)"
" ";" ";" ";"2006Q1";N
" ";" ";" ";"2006Q2";100M
" ";" ";" ";"2006Q3";349M
" ";" ";" ";"2006Q4";112M
" ";" ";" ";"2007Q1";N
" ";" ";" ";"2007Q2";N
" ";" ";" ";"2007Q3";366M
" ";" ";" ";"2007Q4";77M
" ";" ";" ";"2008Q1";N
" ";" ";" ";"2008Q2";68M
" ";" ";" ";"2008Q3";306M
" ";" ";" ";"2008Q4";90M
" ";" ";" ";"2009Q1";N
" ";" ";" ";"2009Q2";74M
" ";" ";" ";"2009Q3";254M
" ";" ";" ";"2009Q4";44M
" ";" ";" ";"2010Q1";N
" ";" ";" ";"2010Q2";108M
" ";" ";" ";"2010Q3";119M
" ";" ";" ";"2010Q4";69M
" ";" ";" ";"2011Q1";N
" ";" ";" ";"2011Q2";N
" ";" ";" ";"2011Q3";208M
" ";" ";" ";"2011Q4";70M
" ";" ";" ";"2012Q1";N
" ";" ";" ";"2012Q2";N
" ";" ";" ";"2012Q3";445M
" ";" ";" ";"2012Q4";N
" ";" ";" ";"2013Q1";N
" ";" ";" ";"2013Q2";N
" ";" ";" ";"2013Q3";N
" ";" ";" ";"2013Q4";N
" ";" ";" ";"2014Q1";N
" ";" ";" ";"2014Q2";N
" ";" ";" ";"2014Q3";145M
" ";" ";" ";"2014Q4";N
" ";" ";" ";"2015Q1";N
" ";" ";" ";"2015Q2";N
" ";" ";" ";"2015Q3";N
" ";" ";" ";"2015Q4";N
" ";" ";" ";"2016Q1";N
" ";" ";" ";"2016Q2";N
" ";" ";" ";"2016Q3";N
" ";" ";" ";"2016Q4";N
" ";" ";"Povpreèno število prenoèitev"
" ";" ";" ";"2006Q1";N
" ";" ";" ";"2006Q2";8.9M
" ";" ";" ";"2006Q3";10.6M
" ";" ";" ";"2006Q4";6.9M
" ";" ";" ";"2007Q1";N
" ";" ";" ";"2007Q2";N
" ";" ";" ";"2007Q3";8.7M
" ";" ";" ";"2007Q4";5.8M
" ";" ";" ";"2008Q1";N
" ";" ";" ";"2008Q2";5.0M
" ";" ";" ";"2008Q3";11.3M
" ";" ";" ";"2008Q4";4.3M
" ";" ";" ";"2009Q1";N
" ";" ";" ";"2009Q2";6.0M
" ";" ";" ";"2009Q3";7.1M
" ";" ";" ";"2009Q4";4.3M
" ";" ";" ";"2010Q1";N
" ";" ";" ";"2010Q2";5.0M
" ";" ";" ";"2010Q3";6.2M
" ";" ";" ";"2010Q4";5.6M
" ";" ";" ";"2011Q1";N
" ";" ";" ";"2011Q2";N
" ";" ";" ";"2011Q3";6.4M
" ";" ";" ";"2011Q4";6.1M
" ";" ";" ";"2012Q1";N
" ";" ";" ";"2012Q2";N
" ";" ";" ";"2012Q3";11.1M
" ";" ";" ";"2012Q4";N
" ";" ";" ";"2013Q1";N
" ";" ";" ";"2013Q2";N
" ";" ";" ";"2013Q3";N
" ";" ";" ";"2013Q4";N
" ";" ";" ";"2014Q1";N
" ";" ";" ";"2014Q2";N
" ";" ";" ";"2014Q3";5.5M
" ";" ";" ";"2014Q4";N
" ";" ";" ";"2015Q1";N
" ";" ";" ";"2015Q2";N
" ";" ";" ";"2015Q3";N
" ";" ";" ";"2015Q4";N
" ";" ";" ";"2016Q1";N
" ";" ";" ";"2016Q2";N
" ";" ";" ";"2016Q3";N
" ";" ";" ";"2016Q4";N
" ";" ";"Povpreèni izdatki na turista na prenoèitev (EUR)"
" ";" ";" ";"2006Q1";N
" ";" ";" ";"2006Q2";53.81M
" ";" ";" ";"2006Q3";38.40M
" ";" ";" ";"2006Q4";40.74M
" ";" ";" ";"2007Q1";N
" ";" ";" ";"2007Q2";N
" ";" ";" ";"2007Q3";49.20M
" ";" ";" ";"2007Q4";54.63M
" ";" ";" ";"2008Q1";N
" ";" ";" ";"2008Q2";79.32M
" ";" ";" ";"2008Q3";45.02M
" ";" ";" ";"2008Q4";70.64M
" ";" ";" ";"2009Q1";N
" ";" ";" ";"2009Q2";110.83M
" ";" ";" ";"2009Q3";80.07M
" ";" ";" ";"2009Q4";119.07M
" ";" ";" ";"2010Q1";N
" ";" ";" ";"2010Q2";59.50M
" ";" ";" ";"2010Q3";74.86M
" ";" ";" ";"2010Q4";71.20M
" ";" ";" ";"2011Q1";N
" ";" ";" ";"2011Q2";N
" ";" ";" ";"2011Q3";66.93M
" ";" ";" ";"2011Q4";73.16M
" ";" ";" ";"2012Q1";N
" ";" ";" ";"2012Q2";N
" ";" ";" ";"2012Q3";36.53M
" ";" ";" ";"2012Q4";N
" ";" ";" ";"2013Q1";N
" ";" ";" ";"2013Q2";N
" ";" ";" ";"2013Q3";N
" ";" ";" ";"2013Q4";N
" ";" ";" ";"2014Q1";N
" ";" ";" ";"2014Q2";N
" ";" ";" ";"2014Q3";71.89M
" ";" ";" ";"2014Q4";N
" ";" ";" ";"2015Q1";N
" ";" ";" ";"2015Q2";N
" ";" ";" ";"2015Q3";N
" ";" ";" ";"2015Q4";N
" ";" ";" ";"2016Q1";N
" ";" ";" ";"2016Q2";N
" ";" ";" ";"2016Q3";N
" ";" ";" ";"2016Q4";N

"Vir: Statistièni urad Republike Slovenije "
" "
"Podatki so ocene, pridobljene z anketo, na vzorcu, ki predstavlja "
"celotno populacijo prebivalcev Slovenije, starih 15 let ali veè."

"Povezane vsebine: "
" "
"- (seznam "
"HREF=http://www.stat.si/statweb/Common/PrikaziDokument.ashx?IdDatotek-"
"e=8262 target=_blank) Metodološka pojasnila "

"Seštevki se zaradi zaokroževanja vedno ne ujemajo."

"Seštevki se zaradi zaokroževanja vedno ne ujemajo."

"Podatki do vkljuèno leta 2006, to je pred vstopom Slovenije v EMU, so "
"preraèunani iz slovenskih tolarjev (SIT) z uporabo nepreklicnega "
"menjalnega razmerja (1 EUR = 239,64 SIT). Ta prikaz omogoèa èasovno "
"primerjavo v državi in ohranja kazalnike razvoja (stopnjo rasti). "
"Dodatna pojasnila o objavljanju statistiènih podatkov v evrih in "
"metodologiji preraèunavanja èasovnih vrst so objavljeni na spletnih "
"straneh Statistiènega urada Republike Slovenije v rubriki (seznam "
"HREF=http://www.stat.si/evro_objavljanje.asp TARGET=_blank) Uvedba "
"evra v državni statistiki."

